product_id,name,set_id,set_name,series,first_month,last_month,n_months,gap_months,gap_flagged,release_month,age_at_first_month,age_at_last_month,first_price,last_price,total_return_pct,cagr_pct,annual_pct,se_monthly,t,ci_lo_pct,ci_hi_pct,trend_reported,significant_positive,max_drawdown_pct,is_pokemon_center,is_retailer_exclusive,variant_label,full_history,late_start,delisted
501999,151 Pokemon Center Elite Trainer Box (Exclusive),sv3pt5,151,Scarlet & Violet,2024-03,2026-10,32,0,False,2023-09,6,37,94.65,1264.45,1235.9218172213418,172.76347203368854,172.76347203368846,0.025177146844669963,3.3212488195369536,50.87301504570079,393.12934889871684,True,True,-14.023599184530799,True,False,,True,False,False
528040,Paldean Fates Elite Trainer Box,sv4pt5,Paldean Fates,Scarlet & Violet,2024-03,2026-10,32,0,False,2024-01,2,33,41.49,433.14,943.9624005784525,147.93030930518455,147.9303093051846,0.024936353391987295,3.0343166579156704,37.915980671580925,345.70207145567525,True,True,-21.65781730866786,False,False,,True,False,False
501266,Obsidian Flames Pokemon Center Elite Trainer Box (Exclusive),sv3,Obsidian Flames,Scarlet & Violet,2024-03,2026-10,32,0,False,2023-08,7,38,64.27,631.59,882.7135522016495,142.19505355889837,142.19505355889837,0.03300273413370142,2.233585704288325,11.443652132903326,426.35069692838033,True,True,-25.802720793396073,True,False,,True,False,False
503313,151 Elite Trainer Box,sv3pt5,151,Scarlet & Violet,2024-03,2026-10,32,0,False,2023-09,6,37,53.31,488.56,816.4509472894391,135.73788196806476,135.7378819680648,0.02334894682470832,3.060631737119025,36.12223772206953,308.2532723878319,True,True,-24.16137594883656,False,False,,True,False,False
247673,Fusion Strike Pokemon Center Elite Trainer Box (Exclusive),swsh8,Fusion Strike,Sword & Shield,2024-03,2026-10,32,0,False,2021-11,28,59,58.1,476.75,720.5679862306368,125.8659689462375,125.8659689462375,0.024414859700423352,2.7809961829029795,27.192827969651567,301.08736272610497,True,True,-9.645970937912807,True,False,,True,False,False
247671,Fusion Strike Elite Trainer Box,swsh8,Fusion Strike,Sword & Shield,2024-03,2026-10,32,0,False,2021-11,28,59,40.91,327.93,701.5888535810316,123.82921691640254,123.82921691640254,0.017513903639180577,3.833683451314135,48.258344502386954,237.9203950614961,True,True,-10.352651722252592,False,False,,True,False,False
528039,Paldean Fates Pokemon Center Elite Trainer Box (Exclusive),sv4pt5,Paldean Fates,Scarlet & Violet,2024-03,2026-10,32,0,False,2024-01,2,33,70.8,564.5,697.316384180791,123.36665012794982,123.36665012794987,0.03076267845040159,2.177000526725173,8.340212875840258,360.51838984809655,True,True,-21.737530662305804,True,False,,True,False,False
181704,Team Up Elite Trainer Box,sm9,Team Up,Sun & Moon,2024-03,2026-10,32,0,False,2019-02,61,92,506.9,4000.0,689.1102781613731,122.47392130806811,122.47392130806816,0.018428998012041176,3.6158581013746076,44.22287612174143,243.1816573981584,True,True,-3.066483901579764,False,False,,True,False,False
493973,Paldea Evolved Pokemon Center Elite Trainer Box (Exclusive),sv2,Paldea Evolved,Scarlet & Violet,2024-03,2026-10,32,0,False,2023-06,9,40,79.88,614.08,668.7531296945419,120.23444811105213,120.23444811105222,0.024060494280149003,2.7345048726516623,25.059525341865463,287.8410061304031,True,True,-18.85779422454239,True,False,,True,False,False
501264,Obsidian Flames Elite Trainer Box,sv3,Obsidian Flames,Scarlet & Violet,2024-03,2026-10,32,0,False,2023-08,7,38,37.16,275.31,640.8772874058128,117.10807655637963,117.10807655637971,0.023182380249861148,2.7866893011660605,25.85691856036958,274.51987101846316,True,True,-13.768910326682738,False,False,,True,False,False
170277,Celestial Storm Elite Trainer Box,sm7,Celestial Storm,Sun & Moon,2024-03,2026-10,32,0,False,2018-08,67,98,287.2,2091.3,628.1685236768803,115.6588017434685,115.65880174346846,0.018067598107976313,3.5446851071350447,40.998271256249,229.85311348182495,True,True,-6.819392647842304,False,False,,True,False,False
453470,Crown Zenith Elite Trainer Box,swsh12pt5,Crown Zenith,Sword & Shield,2024-03,2026-10,32,0,False,2023-01,14,45,42.75,305.11,613.7076023391813,113.99073167607617,113.99073167607621,0.018971519019803977,3.3416868964509217,36.96461075655151,234.33478173902702,True,True,-12.417513822008196,False,False,,True,False,False
245352,Evolving Skies Pokemon Center Elite Trainer Box [Glaceon/Vaporeon/Sylveon/Espeon] (Exclusive),swsh7,Evolving Skies,Sword & Shield,2024-03,2026-10,32,0,False,2021-08,31,62,155.5,1045.99,572.6623794212219,109.14024010036205,109.14024010036213,0.013008860994387614,4.726488907167171,54.01293950109929,183.99977411589455,True,True,-2.080132071877583,True,False,Glaceon/Vaporeon/Sylveon/Espeon,True,False,False
185719,Unbroken Bonds Elite Trainer Box,sm10,Unbroken Bonds,Sun & Moon,2024-03,2025-10,20,0,False,2019-05,58,77,376.23,1164.5,209.51811391967675,104.13007341905609,104.13007341905613,0.029769437820826826,1.9975386159465913,1.3500359802400608,311.1403264049492,True,False,-1.0256831049478943,False,False,,False,False,True
557350,Stellar Crown Elite Trainer Box,sv7,Stellar Crown,Scarlet & Violet,2024-10,2026-10,25,0,False,2024-09,1,25,37.69,156.75,315.8928097638631,103.93450168224678,103.93450168224683,0.021149564613403907,2.8078934450237347,24.009864194633025,235.37074850039428,True,True,-7.641284160254703,False,False,,False,True,False
493974,Paldea Evolved Elite Trainer Box,sv2,Paldea Evolved,Scarlet & Violet,2024-03,2026-10,32,0,False,2023-06,9,40,35.16,217.76,519.3401592718999,102.55979777357243,102.55979777357247,0.01995154923993253,2.948246216060062,26.693996481970792,223.85490089034653,True,True,-13.360388318612248,False,False,,True,False,False
242443,Evolving Skies Elite Trainer Box [Glaceon/Vaporeon/Sylveon/Espeon],swsh7,Evolving Skies,Sword & Shield,2024-03,2026-10,32,0,False,2021-08,31,62,82.74,497.1,500.7976794778826,100.19037459682649,100.19037459682644,0.014366323297651239,4.026190199697485,42.78969205733323,180.66582050703087,True,True,-7.771943820850103,False,False,Glaceon/Vaporeon/Sylveon/Espeon,True,False,False
242434,Evolving Skies Elite Trainer Box [Flareon/Jolteon/Umbreon/Leafeon],swsh7,Evolving Skies,Sword & Shield,2024-03,2026-10,32,0,False,2021-08,31,62,95.48,569.58,496.5437788018433,99.64049607897326,99.64049607897326,0.01207858926666805,4.769790220077652,50.269419038711874,165.23246000166466,True,True,-6.264606106294767,False,False,Flareon/Jolteon/Umbreon/Leafeon,True,False,False
277336,Lost Origin Pokemon Center Elite Trainer Box (Exclusive),swsh11,Lost Origin,Sword & Shield,2024-03,2026-10,32,0,False,2022-09,18,49,63.87,380.0,494.95850947236573,99.43496241329237,99.43496241329241,0.024842061098602868,2.3156894789258917,11.185825281284,257.7281918101354,True,True,-17.830297521239025,True,False,,True,False,False
193052,Unified Minds Elite Trainer Box,sm11,Unified Minds,Sun & Moon,2024-03,2026-10,32,0,False,2019-08,55,86,291.86,1719.9,489.2893853217296,98.69718905235163,98.69718905235163,0.018215885353247998,3.1410853926984186,29.456430337326587,204.97189544336143,True,True,-10.779222800346522,False,False,,True,False,False
245376,Evolving Skies Pokemon Center Elite Trainer Box [Jolteon/Flareon/Umbreon/Leafeon] (Exclusive),swsh7,Evolving Skies,Sword & Shield,2024-03,2026-10,32,0,False,2021-08,31,62,185.66,1060.06,470.96843692771733,96.28273629795801,96.28273629795811,0.012754121443544661,4.406327063961399,45.41318117451789,164.9478696320907,True,True,-2.436195963295995,True,False,Jolteon/Flareon/Umbreon/Leafeon,True,False,False
277335,Lost Origin Elite Trainer Box,swsh11,Lost Origin,Sword & Shield,2024-03,2026-10,32,0,False,2022-09,18,49,35.08,195.39,456.98403648802736,94.40763716958689,94.40763716958685,0.01612420956134436,3.435760104442064,33.04877206059802,184.0637219308422,True,True,-16.00466280977463,False,False,,True,False,False
283401,Silver Tempest Elite Trainer Box,swsh12,Silver Tempest,Sword & Shield,2024-03,2026-10,32,0,False,2022-11,16,47,30.5,163.86,437.2459016393443,91.71127518089239,91.71127518089241,0.01673687173561101,3.240451627881234,29.326374216373317,184.1896191258932,True,True,-14.942827442827443,False,False,,True,False,False
285860,Silver Tempest Pokemon Center Elite Trainer Box (Exclusive),swsh12,Silver Tempest,Sword & Shield,2024-03,2026-10,32,0,False,2022-11,16,47,74.31,391.97,427.47947786300637,90.35463039319791,90.35463039319794,0.016023251157275334,3.3478360909521325,30.5846846722295,177.48189156394085,True,True,-5.438988887705465,True,False,,True,False,False
123741,Generations Elite Trainer Box,g1,Generations,XY,2024-03,2026-09,31,0,False,2016-02,97,127,602.32,2999.19,397.9396334174525,90.05122712137886,90.05122712137886,0.019149975195470112,2.7942745778447975,21.132651155613978,198.1811145530099,True,True,-5.932062690928408,False,False,,False,False,True
624675,Destined Rivals Pokemon Center Elite Trainer Box (Exclusive),sv10,Destined Rivals,Scarlet & Violet,2025-06,2026-10,17,0,False,2025-05,1,17,183.11,426.34,132.83272349953577,88.48769940758108,88.48769940758112,0.04408847740876756,1.1980881039160092,-33.17536760682452,431.6544447102853,True,False,-23.861059023127073,True,False,,False,True,False
111280,XY BREAKpoint Elite Trainer Box,xy9,BREAKpoint,XY,2024-05,2026-10,30,0,False,2016-02,99,128,240.0,1099.99,358.32916666666665,87.75464394945057,87.7546439494505,0.021410843775312417,2.4518955819455894,13.471644724488808,210.6662145435271,True,True,-3.31307098930006,False,False,,False,True,False
107107,Elite Trainer Box [Mewtwo Y],xy8,BREAKthrough,XY,2024-05,2026-10,27,3,False,2015-11,102,131,331.98,1499.0,351.53322489306584,86.5976147090213,86.59761470902122,0.02162028186404059,2.4043177117835897,12.218232061513024,210.27640674298175,True,True,0.0,False,False,Mewtwo Y,False,True,False
199308,Cosmic Eclipse Elite Trainer Box,sm12,Cosmic Eclipse,Sun & Moon,2024-03,2026-10,30,2,False,2019-11,52,83,381.14,1874.5,391.8140315894422,85.26522261718112,85.26522261718115,0.01794870945366302,2.8628717929834,21.466048537053894,182.57445701728903,True,True,-2.583025830258301,False,False,,False,False,False
478758,Scarlet & Violet Pokemon Center Elite Trainer Box (Exclusive) [Koraidon],sv1,Scarlet & Violet,Scarlet & Violet,2024-03,2026-10,32,0,False,2023-03,12,43,61.5,287.06,366.76422764227647,81.5538692344163,81.55386923441625,0.024716761877384898,2.010721262856996,1.5157714852350956,224.69641861296031,True,True,-18.998843082479755,True,False,Koraidon,True,False,False
251199,Celebrations Pokemon Center Elite Trainer Box (Exclusive),cel25,Celebrations,Sword & Shield,2024-03,2026-10,32,0,False,2021-10,29,60,110.31,514.57,366.4762940803191,81.51050797324184,81.51050797324186,0.021925558925579267,2.2657854973191602,8.377922497870994,203.99239757849665,True,True,-10.476117614056557,True,False,,True,False,False
242811,Celebrations Elite Trainer Box,cel25,Celebrations,Sword & Shield,2024-03,2026-10,32,0,False,2021-10,29,60,77.37,356.84,361.21235621041745,80.71487841232961,80.71487841232965,0.02003092151243993,2.461820280781727,12.819958207929695,189.46888297364822,True,True,-29.08240114072259,False,False,,True,False,False
164303,Forbidden Light Elite Trainer Box,sm6,Forbidden Light,Sun & Moon,2024-03,2026-10,31,1,False,2018-05,70,101,153.97,686.16,345.64525556926674,78.32887080948868,78.32887080948872,0.01568684918170041,3.072952178648913,23.306699255040677,157.903150082799,True,True,-9.584086799276669,False,False,,False,False,False
145847,Shining Legends Elite Trainer Box,sm35,Shining Legends,Sun & Moon,2024-03,2026-10,32,0,False,2017-10,77,108,266.92,1183.16,343.2638992956691,77.95939250025535,77.95939250025536,0.012619737082951329,3.8061094463129903,32.25596531251493,139.4564608426261,True,True,-0.4456656502362266,False,False,,True,False,False
256140,Brilliant Stars Pokemon Center Elite Trainer Box (Exclusive),swsh9,Brilliant Stars,Sword & Shield,2024-03,2026-10,32,0,False,2022-02,25,56,51.25,227.17,343.2585365853658,77.95855908000028,77.95855908000031,0.021391663605344294,2.245347119306761,7.599799143695574,194.32442255339942,True,True,-18.461213497386076,True,False,,True,False,False
630686,Black Bolt Elite Trainer Box,zsv10pt5,Black Bolt,Scarlet & Violet,2025-08,2026-10,15,0,False,2025-07,1,15,84.46,162.67,92.60004735969689,75.38449276934949,75.3844927693495,0.02968835424911624,1.5769664951850266,-12.755844477332424,252.57055466563716,True,False,-9.041601431447111,False,False,,False,True,False
256138,Brilliant Stars Elite Trainer Box,swsh9,Brilliant Stars,Sword & Shield,2024-03,2026-10,32,0,False,2022-02,25,56,37.38,159.18,325.84269662921344,75.21865276374919,75.21865276374919,0.01467209837604172,3.1855500943517785,24.082527002900523,147.4286832958007,True,True,-20.051214402110652,False,False,,True,False,False
129890,Guardians Rising Elite Trainer Box,sm2,Guardians Rising,Sun & Moon,2024-03,2026-10,29,3,False,2017-05,82,113,105.41,446.54,323.6220472440945,74.86438951340818,74.86438951340824,0.009258975768274974,5.029719129234648,40.64509301078174,117.40932488524791,True,True,-3.775972296217356,False,False,,False,False,False
478756,Scarlet & Violet Pokemon Center Elite Trainer Box (Exclusive) [Miraidon],sv1,Scarlet & Violet,Scarlet & Violet,2024-03,2026-10,32,0,False,2023-03,12,43,74.94,317.06,323.0851347744863,74.77856435194805,74.77856435194808,0.020418860137753833,2.2787333066152176,8.122866762832537,182.52623586030222,True,True,-13.77051064685767,True,False,Miraidon,True,False,False
270708,Pokemon GO Elite Trainer Box,pgo,Pokémon GO,Sword & Shield,2024-03,2026-10,32,0,False,2022-07,20,51,40.25,169.91,322.13664596273287,74.6267856654414,74.62678566544143,0.013476652015887092,3.447201727070446,27.189765507969476,139.7560381533473,True,True,-8.233394833948338,False,False,,True,False,False
265527,Astral Radiance Elite Trainer Box,swsh10,Astral Radiance,Sword & Shield,2024-03,2026-10,32,0,False,2022-05,22,53,33.56,139.41,315.4052443384982,73.54356172838841,73.54356172838843,0.01732219076250606,2.651985852938281,15.469995545046867,160.82418792183688,True,True,-10.806086777709234,False,False,,True,False,False
512813,Paradox Rift Elite Trainer Box [Iron Valiant],sv4,Paradox Rift,Scarlet & Violet,2024-03,2026-10,32,0,False,2023-11,4,35,32.7,135.18,313.394495412844,73.21790553068209,73.21790553068209,0.015412525014324434,2.9704206208282584,20.547972183177365,148.90043567753568,True,True,-10.057039927949575,False,False,Iron Valiant,True,False,False
107106,Elite Trainer Box [Mewtwo X],xy8,BREAKthrough,XY,2025-03,2026-06,16,0,False,2015-11,112,127,453.99,900.0,98.24225203198307,72.8848661832645,72.88486618326455,0.02165817137358947,2.106424653473572,3.878886625583644,187.73100989170675,True,True,-2.294048240778357,False,False,Mewtwo X,False,True,True
478336,Scarlet & Violet Elite Trainer Box [Miraidon],sv1,Scarlet & Violet,Scarlet & Violet,2024-03,2026-10,32,0,False,2023-03,12,43,35.95,144.73,302.58692628650897,71.45068558702235,71.4506855870224,0.015414737559280679,2.9145565490887444,19.311897327653615,146.3739010665023,True,True,-10.36902286902286,False,False,Miraidon,True,False,False
478335,Scarlet & Violet Elite Trainer Box [Koraidon],sv1,Scarlet & Violet,Scarlet & Violet,2024-03,2026-10,32,0,False,2023-03,12,43,32.52,130.92,302.5830258302582,71.45004257985867,71.45004257985865,0.01469495563667186,3.057294821671503,21.34849994285206,142.23716909956616,True,True,-7.95618333813779,False,False,Koraidon,True,False,False
552999,Shrouded Fable Elite Trainer Box,sv6pt5,Shrouded Fable,Scarlet & Violet,2024-09,2026-10,26,0,False,2024-08,1,26,36.71,112.61,206.75565241078723,71.26177289374753,71.2617728937475,0.0228432767979876,1.9627329898641093,0.07494460218584464,193.08629618835593,True,False,-21.0841732497957,False,False,,False,True,False
265528,Astral Radiance Pokemon Center Elite Trainer Box (Exclusive),swsh10,Astral Radiance,Sword & Shield,2024-03,2026-10,32,0,False,2022-05,22,53,49.11,195.65,298.391366320505,70.75680995929388,70.75680995929386,0.019181413842018786,2.3246035576667152,8.75455201724462,168.10728936523947,True,True,-19.319735642661804,True,False,,True,False,False
123447,XY Evolutions Elite Trainer Box [Mega Charizard Y],xy12,Evolutions,XY,2024-03,2026-10,32,0,False,2016-11,88,119,220.03,870.98,295.84602099713675,70.3336673157829,70.3336673157829,0.01288434191000444,3.444679079095075,25.80329553796301,130.62637665551887,True,True,-12.012261878694986,False,False,Mega Charizard Y,True,False,False
175511,Lost Thunder Elite Trainer Box,sm8,Lost Thunder,Sun & Moon,2024-03,2026-10,32,0,False,2018-11,64,95,176.62,681.55,285.8849507417053,68.66149234729946,68.66149234729946,0.016538263987790076,2.6339096451507857,14.309963116222836,148.855814710529,True,True,-3.5951063799055327,False,False,,True,False,False
512815,Paradox Rift Elite Trainer Box [Roaring Moon],sv4,Paradox Rift,Scarlet & Violet,2024-03,2026-10,32,0,False,2023-11,4,35,37.03,137.48,271.2665406427221,66.158873780452,66.15887378045196,0.01603630894295749,2.638669417012874,13.951214667057709,142.28588889250008,True,True,-13.691601404266807,False,False,Roaring Moon,True,False,False
229285,Battle Styles Elite Trainer Box [Rapid Strike Urshifu] (Blue),swsh5,Battle Styles,Sword & Shield,2024-03,2026-10,32,0,False,2021-03,36,67,36.47,134.13,267.7817384151357,65.55340860791519,65.5534086079152,0.013420868041490274,3.1302226864940974,20.739464359302517,127.00060205781139,True,True,-3.5194495898385747,False,False,Rapid Strike Urshifu,True,False,False
532845,Temporal Forces Elite Trainer Box [Walking Wake],sv5,Temporal Forces,Scarlet & Violet,2024-04,2026-10,31,0,False,2024-03,1,31,39.91,140.0,250.78927587070913,65.2032257796698,65.20322577966972,0.016138574505688907,2.59216513227622,13.023652959471942,141.47251564940083,True,True,-15.434728138311193,False,False,Walking Wake,False,True,False
630689,White Flare Elite Trainer Box,rsv10pt5,White Flare,Scarlet & Violet,2025-08,2026-10,15,0,False,2025-07,1,15,81.19,145.23,78.87670895430472,64.61699979438191,64.61699979438187,0.023993040530069707,1.7312359658643177,-6.374269044616987,189.437063345517,True,False,-6.054725402678063,False,False,,False,True,False
120697,Steam Siege Elite Trainer Box,xy11,Steam Siege,XY,2024-03,2026-10,14,18,True,2016-08,91,122,499.0,1800.0,260.7214428857715,64.31585394933965,64.31585394933965,0.024384447150399034,1.6971894873754942,-7.4019283130634435,191.57950448885805,True,False,-18.19090909090909,False,False,,False,False,False
512809,Paradox Rift Pokemon Center Elite Trainer Box (Exclusive) [Roaring Moon],sv4,Paradox Rift,Scarlet & Violet,2024-03,2026-10,32,0,False,2023-11,4,35,62.35,222.52,256.8885324779471,63.637782100264296,63.63778210026434,0.018658405905980332,2.1995678334489015,5.51041121296012,153.78845009566663,True,True,-12.667525158582526,True,False,Roaring Moon,True,False,False
532848,Temporal Forces Elite Trainer Box [Iron Leaves ex],sv5,Temporal Forces,Scarlet & Violet,2024-04,2026-10,31,0,False,2024-03,1,31,36.85,123.59,235.3867028493894,62.262564670624364,62.26256467062434,0.01623059226244874,2.4852533565396135,10.771803708401695,137.68810303746605,True,True,-17.367706919945736,False,False,Iron Leaves ex,False,True,False
216856,Darkness Ablaze Elite Trainer Box,swsh3,Darkness Ablaze,Sword & Shield,2024-03,2026-10,32,0,False,2020-08,43,74,33.74,116.12,244.16123295791343,61.35365923389977,61.35365923389979,0.01593213956317053,2.502428132846201,10.927260376038284,134.70338363998172,True,True,-16.88273639493152,False,False,,True,False,False
229284,Battle Styles Elite Trainer Box [Single Strike Urshifu] (Red),swsh5,Battle Styles,Sword & Shield,2024-03,2026-10,32,0,False,2021-03,36,67,37.64,129.54,244.15515409139212,61.3525560157951,61.35255601579512,0.013584953463343081,2.934751642150455,17.222478444176748,122.09603207825386,True,True,-8.235919234856537,False,False,Single Strike Urshifu,True,False,False
123448,XY Evolutions Elite Trainer Box [Mega Blastoise],xy12,Evolutions,XY,2024-03,2026-10,32,0,False,2016-11,88,119,191.99,656.57,241.98135319547896,60.95727716443948,60.95727716443944,0.010058255406002675,3.943433903650629,27.048487304447022,103.91620256059011,True,True,-4.596343467543129,False,False,Mega Blastoise,True,False,False
247282,Chilling Reign Pokemon Center Elite Trainer Box [Shadow Rider Calyrex] (Exclusive),swsh6,Chilling Reign,Sword & Shield,2024-03,2026-10,32,0,False,2021-06,33,64,56.98,191.56,236.1881361881362,59.896273380238576,59.896273380238526,0.017715833175939714,2.2077949659458214,5.409094433262784,142.54850474097367,True,True,-10.92565319369443,True,False,Shadow Rider Calyrex,True,False,False
100495,Ancient Origins Elite Trainer Box,xy7,Ancient Origins,XY,2024-03,2025-10,13,7,True,2015-08,103,122,1250.0,2625.0,110.00000000000001,59.77429981144275,59.77429981144277,0.02051276276812543,1.9036603881464227,-1.3772452994725848,158.84317425276998,True,False,0.0,False,False,,False,False,True
133776,Burning Shadows Elite Trainer Box,sm3,Burning Shadows,Sun & Moon,2024-03,2026-10,32,0,False,2017-08,79,110,98.56,325.3,230.05275974025975,58.76031395896095,58.76031395896093,0.009570552382132922,4.0247190987412615,26.76008602343338,98.83890962087527,True,True,-0.2672950444905564,False,False,,True,False,False
173393,Dragon Majesty Elite Trainer Box,sm75,Dragon Majesty,Sun & Moon,2024-03,2026-10,32,0,False,2018-09,66,97,381.99,1256.49,228.93269457315637,58.55154127774742,58.55154127774747,0.012973036294334469,2.9606891656860403,16.85734394861229,115.12204874863392,True,True,-7.330034817665387,False,False,,True,False,False
149377,Crimson Invasion Elite Trainer Box,sm4,Crimson Invasion,Sun & Moon,2024-03,2026-10,32,0,False,2017-11,76,107,67.99,221.75,226.15090454478604,58.031142165418736,58.031142165418714,0.013446786741470975,2.836005475557222,15.183175519482939,116.81848743510739,True,True,-7.054309327036612,False,False,,True,False,False
236261,Chilling Reign Elite Trainer Box [Shadow Rider Calyrex],swsh6,Chilling Reign,Sword & Shield,2024-03,2026-10,32,0,False,2021-06,33,64,46.65,152.04,225.91639871382637,57.987148210097295,57.98714821009732,0.01190990303050843,3.2000225786656156,19.38968058936119,109.06278395541192,True,True,-1.6208453016003266,False,False,Shadow Rider Calyrex,True,False,False
155664,Ultra Prism Elite Trainer Box [Dusk Mane Necrozma],sm5,Ultra Prism,Sun & Moon,2024-03,2026-10,31,1,False,2018-02,73,104,230.32,741.96,222.1431052448767,57.276583823775965,57.27658382377601,0.01675308434595993,2.252499402877486,6.056650708810762,133.23312261851657,True,True,-5.99085076219289,False,False,Dusk Mane Necrozma,False,False,False
221752,Vivid Voltage Elite Trainer Box,swsh4,Vivid Voltage,Sword & Shield,2024-03,2026-10,32,0,False,2020-11,40,71,41.61,133.92,221.8457101658255,57.220363742851355,57.220363742851376,0.014976527993681444,2.51770763199819,10.542545449130847,123.60840954950932,True,True,-10.030864197530853,False,False,,True,False,False
565632,Surging Sparks Pokemon Center Elite Trainer Box (Exclusive),sv8,Surging Sparks,Scarlet & Violet,2024-12,2026-10,23,0,False,2024-11,1,23,117.92,270.25,129.18080054274083,57.203008756657894,57.203008756657844,0.029139732464779702,1.2936741785007027,-20.78453761382628,211.96921936365825,True,False,-33.54980551327582,True,False,,False,True,False
194729,Hidden Fates Elite Trainer Box,sm115,Hidden Fates,Sun & Moon,2024-03,2026-10,32,0,False,2019-08,55,86,176.31,564.69,220.28245703590267,56.924318845016074,56.924318845016096,0.012644514544945555,2.969624074034211,16.55516281022642,111.27542745632613,True,True,-7.492863377922476,False,False,,True,False,False
512801,Paradox Rift Pokemon Center Elite Trainer Box (Exclusive) [Iron Valiant],sv4,Paradox Rift,Scarlet & Violet,2024-03,2026-10,32,0,False,2023-11,4,35,60.33,191.19,216.90701143709597,56.28205109437694,56.28205109437696,0.018564988999246274,2.0041856233386945,0.9892275591371957,141.8483642719538,True,True,-14.34152084336705,True,False,Iron Valiant,True,False,False
118331,Fates Collide Elite Trainer Box,xy10,Fates Collide,XY,2024-03,2026-07,24,5,False,2016-05,94,122,275.22,775.97,181.94535280866214,55.929336789998516,55.929336789998516,0.019026350575628525,1.9456908266038104,-0.32616853033436977,143.93522064182324,True,False,-9.901169973112435,False,False,,False,False,True
247281,Chilling Reign Pokemon Center Elite Trainer Box [Ice Rider Calyrex] (Exclusive),swsh6,Chilling Reign,Sword & Shield,2024-03,2026-10,32,0,False,2021-06,33,64,65.5,203.55,210.76335877862596,55.10221132983284,55.10221132983284,0.018687475078922874,1.9572563070756779,-0.0615083076570877,140.71501932870677,True,False,-14.37743990137662,True,False,Ice Rider Calyrex,True,False,False
543845,Twilight Masquerade Elite Trainer Box,sv6,Twilight Masquerade,Scarlet & Violet,2024-06,2026-10,29,0,False,2024-05,1,29,37.85,104.86,177.04095112285336,54.76106198606985,54.761061986069805,0.021919102144259878,1.6603181823429696,-7.5798425086121775,159.15327302150527,True,False,-24.272509414584043,False,False,,False,True,False
228821,Shining Fates Elite Trainer Box,swsh45,Shining Fates,Sword & Shield,2024-03,2026-10,32,0,False,2021-02,37,68,44.57,136.37,205.9681400044873,54.17135620825553,54.17135620825553,0.012729504119519787,2.833931421688115,14.281733894020675,107.98430567333574,True,True,-13.766283040343986,False,False,,True,False,False
236260,Chilling Reign Elite Trainer Box [Ice Rider Calyrex],swsh6,Chilling Reign,Sword & Shield,2024-03,2026-10,32,0,False,2021-06,33,64,46.47,140.67,202.7114267269206,53.534048747987086,53.534048747987086,0.011574926546629782,3.086788288045169,16.942233955775656,101.57562693614888,True,True,-5.9439811845199975,False,False,Ice Rider Calyrex,True,False,False
206039,Sword & Shield Elite Trainer Box [Zamazenta],swsh1,Sword & Shield,Sword & Shield,2024-03,2026-10,32,0,False,2020-02,49,80,58.84,169.91,188.7661454792658,50.75647623353523,50.75647623353521,0.010604520080012772,3.225791185338714,17.477577136496535,93.46257967122946,True,True,-3.6902800658978663,False,False,Zamazenta,True,False,False
630687,Black Bolt Pokemon Center Elite Trainer Box (Exclusive),zsv10pt5,Black Bolt,Scarlet & Violet,2025-08,2026-10,15,0,False,2025-07,1,15,166.85,268.87,61.144740785136364,50.52680062861275,50.52680062861279,0.04074116149255247,0.8365228690732004,-42.26237577532397,292.4359204548355,True,False,-31.63150667831731,True,False,,False,True,False
206038,Sword & Shield Elite Trainer Box [Zacian],swsh1,Sword & Shield,Sword & Shield,2024-03,2026-10,32,0,False,2020-02,49,80,61.65,171.89,178.81589618815897,48.72397333613083,48.723973336130875,0.013231153069588211,2.4999198978370054,8.950684029538646,103.01680931979575,True,True,-11.758409785932733,False,False,Zacian,True,False,False
155663,Ultra Prism Elite Trainer Box [Dawn Wings Necrozma],sm5,Ultra Prism,Sun & Moon,2024-03,2026-10,30,2,False,2018-02,73,104,263.49,711.99,170.21518843219857,46.9310066795368,46.9310066795368,0.019124036336687633,1.676742213849493,-6.293664690998924,130.38699200723474,True,False,-11.000137501718775,False,False,Dawn Wings Necrozma,False,False,False
557340,Stellar Crown Pokemon Center Elite Trainer Box (Exclusive),sv7,Stellar Crown,Scarlet & Violet,2024-10,2026-10,25,0,False,2024-09,1,25,78.59,169.32,115.44725792085507,46.781217436310655,46.78121743631063,0.03171925969068388,1.0082543411840612,-30.390143516880773,209.50682677115145,True,False,-44.49625399486562,True,False,,False,True,False
532853,Temporal Forces Pokemon Center Elite Trainer Box (Exclusive) [Iron Leaves],sv5,Temporal Forces,Scarlet & Violet,2024-04,2026-10,31,0,False,2024-03,1,31,83.54,196.56,135.28848455829544,40.812195205081615,40.81219520508157,0.020365380425593948,1.400484795377839,-12.780031083365717,127.33411356091939,True,False,-24.91022264783338,True,False,Iron Leaves,False,True,False
610930,Journey Together Elite Trainer Box,sv9,Journey Together,Scarlet & Violet,2025-04,2026-10,19,0,False,2025-03,1,19,81.14,135.53,67.0322898693616,40.77762149147939,40.777621491479366,0.020807122430282685,1.3697685651433424,-13.702729179540752,129.65197536814483,True,False,-18.437268917919635,False,False,,False,True,False
630688,White Flare Pokemon Center Elite Trainer Box (Exclusive),rsv10pt5,White Flare,Scarlet & Violet,2025-08,2026-10,15,0,False,2025-07,1,15,159.11,236.38,48.56388661931996,40.39583252373742,40.39583252373744,0.03610940150304084,0.7830269684178564,-39.950292058812686,228.2445571481926,True,False,-31.01930240433458,True,False,,False,True,False
648394,Mega Evolution Elite Trainer Box [Mega Lucario],me1,Mega Evolution,Mega Evolution,2025-10,2026-10,13,0,False,2025-09,1,13,92.52,127.3,37.591872027669694,37.591872027669694,37.59187202766976,0.02434707012827001,1.0922658130898415,-22.393687946926587,143.94308590687515,True,False,-16.709900562040637,False,False,Mega Lucario,False,True,False
565630,Surging Sparks Elite Trainer Box,sv8,Surging Sparks,Scarlet & Violet,2024-12,2026-10,23,0,False,2024-11,1,23,69.0,121.54,76.1449275362319,36.179265099502864,36.17926509950282,0.02878433376383334,0.8940104944126421,-30.80250840238501,167.99804176254048,True,False,-37.79619785566266,False,False,,False,True,False
210572,Rebel Clash Elite Trainer Box,swsh2,Rebel Clash,Sword & Shield,2024-03,2026-10,32,0,False,2020-05,46,77,148.37,328.81,121.61488171463235,36.075590392465884,36.075590392465884,0.009880294345875989,2.5981037462691834,7.859129585733093,71.67361142053386,True,True,-9.253892296286326,False,False,,True,False,False
538775,Temporal Forces Pokemon Center Elite Trainer Box (Exclusive) [Walking Wake],sv5,Temporal Forces,Scarlet & Violet,2024-04,2026-10,31,0,False,2024-03,1,31,96.22,201.81,109.73810018707128,34.48409721904682,34.48409721904682,0.03166429359019482,0.7797315108519993,-36.13945187233719,183.2104160563514,True,False,-29.079193514861778,True,False,Walking Wake,False,True,False
593324,Prismatic Evolutions Pokemon Center Elite Trainer Box (Exclusive),sv8pt5,Prismatic Evolutions,Scarlet & Violet,2025-02,2026-10,21,0,False,2025-01,1,21,262.31,410.57,56.52091037322251,30.8408687704131,30.84086877041303,0.03922834440936336,0.5710404484572887,-47.99545169891283,229.1891478699481,True,False,-39.03301886792454,True,False,,False,True,False
218791,Champion's Path Elite Trainer Box,swsh35,Champion's Path,Sword & Shield,2024-03,2026-10,32,0,False,2020-09,42,73,107.82,215.7,100.05564830272675,30.789991045344813,30.789991045344834,0.010595703608282634,2.1110972504399577,1.9397513947861267,67.80521360498723,True,True,-13.36605316973415,False,False,,True,False,False
644279,Mega Evolution Elite Trainer Box [Mega Gardevoir],me1,Mega Evolution,Mega Evolution,2025-10,2026-10,13,0,False,2025-09,1,13,93.44,122.15,30.725599315068507,30.725599315068507,30.725599315068465,0.028374934401031986,0.7868748841174643,-32.93099548659863,154.79999949707266,True,False,-19.97003424657534,False,False,Mega Gardevoir,False,True,False
543844,Twilight Masquerade Pokemon Center Elite Trainer Box (Exclusive),sv6,Twilight Masquerade,Scarlet & Violet,2024-06,2026-10,29,0,False,2024-05,1,29,113.48,187.35,65.09517095523438,23.969465900551135,23.969465900551157,0.025393654207676947,0.7051141753746245,-31.77735515553819,125.26872874403807,True,False,-36.52626013394431,True,False,,False,True,False
593355,Prismatic Evolutions Elite Trainer Box,sv8pt5,Prismatic Evolutions,Scarlet & Violet,2025-02,2026-10,21,0,False,2025-01,1,21,101.63,138.55,36.32785594804686,20.43445806526776,20.434458065267734,0.02697521647385372,0.5744022563446001,-36.14284747102906,127.13913970552157,True,False,-25.213213861599904,False,False,,False,True,False
624676,Destined Rivals Elite Trainer Box,sv10,Destined Rivals,Scarlet & Violet,2025-06,2026-10,17,0,False,2025-05,1,17,94.78,116.12,22.515298586199627,16.450871237964204,16.450871237964225,0.049265561447033895,0.25761621893229875,-63.44772335676314,270.99755904233217,True,False,-49.21495735840805,False,False,,False,True,False
610929,Journey Together Pokemon Center Elite Trainer Box (Exclusive),sv9,Journey Together,Scarlet & Violet,2025-04,2026-10,19,0,False,2025-03,1,19,156.12,194.57,24.62849090443249,15.809687804345419,15.809687804345396,0.03550480607530596,0.3445027393754559,-49.756801600493276,166.9392916170643,True,False,-29.47341772151899,True,False,,False,True,False
552998,Shrouded Fable Pokemon Center Elite Trainer Box (Exclusive),sv6pt5,Shrouded Fable,Scarlet & Violet,2024-09,2026-10,26,0,False,2024-08,1,26,139.04,166.31,19.613060989643284,8.97671945847378,8.97671945847378,0.035560280411133884,0.2014515668542293,-52.78288271472289,151.5173747727705,True,False,-51.416858457997705,True,False,,False,True,False
648415,Mega Evolution Pokemon Center Elite Trainer Box (Exclusive) [Mega Gardevoir],me1,Mega Evolution,Mega Evolution,2025-10,2026-10,13,0,False,2025-09,1,13,229.88,192.35,-16.32590917000174,-16.32590917000174,-16.32590917000176,0.044353511620237256,-0.3348866826437681,-70.51933017973565,137.48963367902243,True,False,-36.771358969897335,True,False,Mega Gardevoir,False,True,False
644282,Mega Evolution Pokemon Center Elite Trainer Box (Exclusive) [Mega Lucario],me1,Mega Evolution,Mega Evolution,2025-10,2026-10,13,0,False,2025-09,1,13,260.29,198.33,-23.804218371816056,-23.804218371816056,-23.804218371816066,0.06451014629400004,-0.3511903419541856,-83.28966381635199,247.4374826528738,True,False,-40.77580028666985,True,False,Mega Lucario,False,True,False
98028,XY Roaring Skies Elite Trainer Box,xy6,Roaring Skies,XY,2025-07,2026-06,11,1,False,2015-05,122,133,1597.5,4899.99,206.72863849765255,,,,,,,False,False,0.0,False,False,,False,True,True
654136,Phantasmal Flames Elite Trainer Box,me2,Phantasmal Flames,Mega Evolution,2025-12,2026-10,11,0,False,2025-11,1,11,83.94,152.13,81.23659756969263,,,,,,,False,False,-8.339289969025499,False,False,,False,True,False
670607,Prismatic Evolutions Elite Trainer Box (Dollar General Exclusive),sv8pt5,Prismatic Evolutions,Scarlet & Violet,2026-01,2026-10,10,0,False,2025-01,12,21,127.95,199.49,55.91246580695584,,,,,,,False,False,-2.430636967565458,False,True,,False,True,False
654135,Phantasmal Flames Pokemon Center Elite Trainer Box (Exclusive),me2,Phantasmal Flames,Mega Evolution,2025-12,2026-10,11,0,False,2025-11,1,11,192.67,287.82,49.38495873773812,,,,,,,False,False,-16.635050342915513,True,False,,False,True,False
668497,Ascended Heroes Pokemon Center Elite Trainer Box (Exclusive),me2pt5,Ascended Heroes,Mega Evolution,2026-02,2026-10,9,0,False,2026-01,1,9,344.81,356.32,3.338070241582325,,,,,,,False,False,-31.16584564860426,True,False,,False,True,False
704143,30th Celebration Elite Trainer Box,me55,30th Celebration,Mega Evolution,2026-10,2026-10,1,0,False,2026-09,1,1,162.45,162.45,0.0,,,,,,,False,False,0.0,False,False,,False,True,False
704144,30th Celebration Pokemon Center Elite Trainer Box,me55,30th Celebration,Mega Evolution,2026-10,2026-10,1,0,False,2026-09,1,1,320.57,320.57,0.0,,,,,,,False,False,0.0,True,False,,False,True,False
672404,Perfect Order Pokemon Center Elite Trainer Box,me3,Perfect Order,Mega Evolution,2026-04,2026-10,7,0,False,2026-03,1,7,123.45,122.85,-0.4860267314702349,,,,,,,False,False,-16.347559702012106,True,False,,False,True,False
692947,Pitch Black Elite Trainer Box,me5,Pitch Black,Mega Evolution,2026-08,2026-10,3,0,False,2026-07,1,3,78.81,76.31,-3.1721862707778214,,,,,,,False,False,-10.341327242735698,False,False,,False,True,False
692949,Pitch Black Pokemon Center Elite Trainer Box (Exclusive),me5,Pitch Black,Mega Evolution,2026-08,2026-10,3,0,False,2026-07,1,3,125.12,120.74,-3.5006393861892637,,,,,,,False,False,-3.5006393861892637,True,False,,False,True,False
668496,Ascended Heroes Elite Trainer Box,me2pt5,Ascended Heroes,Mega Evolution,2026-02,2026-10,9,0,False,2026-01,1,9,161.94,153.64,-5.125355069778936,,,,,,,False,False,-33.14807953563048,False,False,,False,True,False
672401,Perfect Order Elite Trainer Box,me3,Perfect Order,Mega Evolution,2026-04,2026-10,7,0,False,2026-03,1,7,78.22,70.22,-10.227563283047814,,,,,,,False,False,-13.93505497315265,False,False,,False,True,False
684450,Chaos Rising Elite Trainer Box,me4,Chaos Rising,Mega Evolution,2026-06,2026-10,5,0,False,2026-05,1,5,87.02,70.34,-19.16800735463111,,,,,,,False,False,-19.16800735463111,False,False,,False,True,False
684452,Chaos Rising Pokemon Center Elite Trainer Box,me4,Chaos Rising,Mega Evolution,2026-06,2026-10,5,0,False,2026-05,1,5,212.33,125.92,-40.696086280789345,,,,,,,False,False,-40.696086280789345,True,False,,False,True,False
