channel,age_band,n_products,age_min_years,age_max_years,median_price,median_ci_lo,median_ci_hi,geo_mean_price,p25_price,p75_price,min_price,max_price,n_sets,eras,reported,cohort_confound
mass_retail,<1yr,6,0.08333333333333333,0.9166666666666666,114.22,70.28,158.045,106.15666190457141,71.83250000000001,153.2625,70.22,162.45,6,ME,True,"age = calendar_month - release_month, so within one calendar month age and release cohort are the SAME variable (R^2 = 1.0): this gradient is a vintage ranking as much as an ageing curve, and the cross-section cannot separate them"
mass_retail,1-2yr,9,1.0833333333333333,1.9166666666666667,135.53,121.54,162.67,139.0406120241017,122.15,145.23,116.12,199.49,7,ME/SV/other,True,"age = calendar_month - release_month, so within one calendar month age and release cohort are the SAME variable (R^2 = 1.0): this gradient is a vintage ranking as much as an ageing curve, and the cross-section cannot separate them"
mass_retail,2-3yr,8,2.0833333333333335,2.9166666666666665,136.32999999999998,112.61,156.75,150.11038830192766,120.845,144.1875,104.86,433.14,6,SV,True,"age = calendar_month - release_month, so within one calendar month age and release cohort are the SAME variable (R^2 = 1.0): this gradient is a vintage ranking as much as an ageing curve, and the cross-section cannot separate them"
mass_retail,3-5yr,12,3.0833333333333335,4.916666666666667,182.64999999999998,151.95499999999998,290.21000000000004,208.380975520575,155.5675,282.76,130.92,488.56,11,SV/SWSH/other,True,"age = calendar_month - release_month, so within one calendar month age and release cohort are the SAME variable (R^2 = 1.0): this gradient is a vintage ranking as much as an ageing curve, and the cross-section cannot separate them"
mass_retail,5-8yr,19,5.0,7.916666666666667,215.7,140.67,564.69,332.4602036338239,138.51999999999998,567.135,116.12,4000.0,15,SM/SWSH/other,True,"age = calendar_month - release_month, so within one calendar month age and release cohort are the SAME variable (R^2 = 1.0): this gradient is a vintage ranking as much as an ageing curve, and the cross-section cannot separate them"
mass_retail,8yr+,14,8.083333333333334,10.916666666666666,806.47,656.57,1256.49,819.4964118023177,663.9675,1238.1575,221.75,2091.3,12,SM/XY,True,"age = calendar_month - release_month, so within one calendar month age and release cohort are the SAME variable (R^2 = 1.0): this gradient is a vintage ranking as much as an ageing curve, and the cross-section cannot separate them"
pokemon_center,<1yr,6,0.08333333333333333,0.9166666666666666,206.87,121.79499999999999,338.445,198.62512438443383,123.61749999999999,312.3825,120.74,356.32,6,ME,True,"age = calendar_month - release_month, so within one calendar month age and release cohort are the SAME variable (R^2 = 1.0): this gradient is a vintage ranking as much as an ageing curve, and the cross-section cannot separate them"
pokemon_center,1-2yr,8,1.0833333333333333,1.9166666666666667,252.625,194.57,410.57,262.1665742424946,197.39000000000001,305.33,192.35,426.34,7,ME/SV/other,True,"age = calendar_month - release_month, so within one calendar month age and release cohort are the SAME variable (R^2 = 1.0): this gradient is a vintage ranking as much as an ageing curve, and the cross-section cannot separate them"
pokemon_center,2-3yr,8,2.0833333333333335,2.9166666666666665,193.875,169.32,222.52,217.59656720836904,182.8425,206.9875,166.31,564.5,6,SV,True,"age = calendar_month - release_month, so within one calendar month age and release cohort are the SAME variable (R^2 = 1.0): this gradient is a vintage ranking as much as an ageing curve, and the cross-section cannot separate them"
pokemon_center,3-5yr,10,3.0833333333333335,4.916666666666667,385.985,272.115,622.835,411.98688889871477,294.56,579.7475000000001,195.65,1264.45,9,SV/SWSH,True,"age = calendar_month - release_month, so within one calendar month age and release cohort are the SAME variable (R^2 = 1.0): this gradient is a vintage ranking as much as an ageing curve, and the cross-section cannot separate them"
pokemon_center,5-8yr,5,5.0,5.333333333333333,514.57,191.56,1060.06,467.1492710874922,203.55,1045.99,191.56,1060.06,3,SWSH/other,True,"age = calendar_month - release_month, so within one calendar month age and release cohort are the SAME variable (R^2 = 1.0): this gradient is a vintage ranking as much as an ageing curve, and the cross-section cannot separate them"
