window,from_month,to_month,series_name,n_products,etb_annual_pct,benchmark_annual_pct,diff_pp,ci_lo_pp,ci_hi_pp,t,significant,n_returns,interval_reliable,verdict
trailing 3m,2026-06,2026-09,Booster boxes,54,3.9567074205650643,-8.819944562089098,14.012551233152548,10.00036874831769,18.17107512097349,7.174667040668049,True,3,False,window too short to judge
trailing 3m,2026-06,2026-09,Booster bundles,26,3.9567074205650643,16.03537998544966,-10.40947387460549,-17.935516572719756,-2.1932261532179087,-2.4553673937688028,True,3,False,window too short to judge
trailing 3m,2026-06,2026-09,Singles,9223,3.9567074205650643,69.19704101301052,-38.55879110050675,-46.282176064434196,-29.72496139159909,-7.106776784282685,True,3,False,window too short to judge
trailing 6m,2026-03,2026-09,Booster boxes,54,66.43218378322231,11.369814322399385,49.441017564620715,3.608008252070505,115.54914632096481,2.149662952128008,True,6,False,window too short to judge
trailing 6m,2026-03,2026-09,Booster bundles,26,66.43218378322231,92.98312974887939,-13.758169431808165,-21.815697300751268,-4.870247825025686,-2.957688289092981,True,6,False,window too short to judge
trailing 6m,2026-03,2026-09,Singles,9223,66.43218378322231,104.42618972407107,-18.585684149438976,-44.61842151754931,19.684035866100924,-1.0459617365801974,False,6,False,window too short to judge
trailing 9m,2025-12,2026-09,Booster boxes,54,51.96605693660861,19.969833125532553,26.67022448684766,-9.19556131438256,76.70221856775609,1.3920289941738098,False,9,False,window too short to judge
trailing 9m,2025-12,2026-09,Booster bundles,26,51.96605693660861,71.31410387833934,-11.293901963536502,-18.231435065115733,-3.767764114230121,-2.884352573945863,True,9,False,window too short to judge
trailing 9m,2025-12,2026-09,Singles,9223,51.96605693660861,86.09314210572687,-18.3387118853253,-37.680791963785474,7.006590531008028,-1.4689656649437914,False,9,False,window too short to judge
trailing 12m,2025-09,2026-09,Booster boxes,54,55.43673432603751,29.009499927998704,20.4847196623412,-10.345265634506905,61.916353607536664,1.2358072382409175,False,12,True,no detectable difference
trailing 12m,2025-09,2026-09,Booster bundles,26,55.43673432603751,64.52527094672544,-5.5240976467565766,-18.287221256905006,9.2325614518872,-0.7674111411317474,False,12,True,no detectable difference
trailing 12m,2025-09,2026-09,Singles,9223,55.43673432603751,73.55641236265316,-10.44022389605166,-30.919209695808668,16.109752949695235,-0.8324059899709532,False,12,True,no detectable difference
full window (30m),2024-03,2026-09,Booster boxes,54,74.42902558537148,61.840070493206746,7.778639155185707,-9.084075677915015,27.768981559173934,0.8629276168150901,False,30,True,no detectable difference
full window (30m),2024-03,2026-09,Booster bundles,26,74.42902558537148,65.11640747762091,5.640031932630785,-10.926312446434883,25.287463146916544,0.6304600331014858,False,30,True,no detectable difference
full window (30m),2024-03,2026-09,Singles,9223,74.42902558537148,41.38438124848967,23.37220281694645,-3.2460066841693447,57.313408018430565,1.6938760871869578,False,30,True,no detectable difference
