card_id,name,set_id,set_name,number,rarity,variant,eu_eur,eu_usd,us_usd,ratio,gap_pct,gap_usd,obs_dates,flags
sv5-189,Walking Wake ex,sv5,Temporal Forces,189,Ultra Rare,normal,1.7,1.98084,2.13,0.9299718309859155,-7.0028169014084485,-0.14915999999999996,5,
me2-127,Mega Sharpedo ex,me2,Phantasmal Flames,127,Special Illustration Rare,normal,20.39,23.758428000000002,19.22,1.2361304890738816,23.613048907388155,4.538428000000003,5,
swsh7-184,Sylveon V,swsh7,Evolving Skies,184,Rare Ultra,normal,158.29,184.439508,205.52,0.8974285130400933,-10.25714869599067,-21.08049200000002,4,
swsh12-185,Lugia V,swsh12,Silver Tempest,185,Rare Ultra,normal,15.64,18.223728,18.32,0.9947449781659389,-0.5255021834061124,-0.09627199999999903,4,
sv1-227,Miraidon ex,sv1,Scarlet & Violet,227,Ultra Rare,normal,2.13,2.4818759999999997,2.77,0.8959841155234656,-10.401588447653442,-0.28812400000000027,5,
sv8-228,Cyclizar ex,sv8,Surging Sparks,228,Ultra Rare,normal,1.63,1.899276,1.59,1.1945132075471698,19.45132075471698,0.3092759999999999,5,
swsh9-184,Arceus VSTAR,swsh9,Brilliant Stars,184,Rare Secret,normal,14.16,16.499232,17.2,0.9592576744186047,-4.074232558139535,-0.7007680000000001,4,
sv8pt5-146,Flareon ex,sv8pt5,Prismatic Evolutions,146,Special Illustration Rare,normal,155.08,180.699216,206.5,0.8750567360774819,-12.494326392251809,-25.800783999999993,5,
swsh11-187,Hisuian Goodra V,swsh11,Lost Origin,187,Rare Ultra,normal,1.94,2.260488,2.62,0.8627816793893129,-13.721832061068707,-0.35951200000000005,4,
swsh12-187,Ho-Oh V,swsh12,Silver Tempest,187,Rare Ultra,normal,8.32,9.694464,8.15,1.1895047852760736,18.950478527607363,1.5444639999999996,4,
sv6-221,Teal Mask Ogerpon ex,sv6,Twilight Masquerade,221,Hyper Rare,normal,8.69,10.125587999999999,8.09,1.251617799752781,25.161779975278108,2.035587999999999,5,
swsh7-209,Glaceon VMAX,swsh7,Evolving Skies,209,Rare Rainbow,normal,225.28,262.496256,311.94,0.8414959799961532,-15.850402000384678,-49.44374399999998,4,
sv8pt5-167,Eevee ex,sv8pt5,Prismatic Evolutions,167,Special Illustration Rare,normal,123.65,144.07698000000002,182.19,0.7908061913387124,-20.919380866128755,-38.11301999999998,5,
swsh9-176,Arceus VSTAR,swsh9,Brilliant Stars,176,Rare Rainbow,normal,10.88,12.677376,14.46,0.8767203319502075,-12.327966804979251,-1.7826240000000002,4,
swsh11-186,Giratina V,swsh11,Lost Origin,186,Rare Ultra,normal,656.5,764.9538,826.57,0.9254555573030717,-7.454444269692829,-61.61620000000005,4,
sv8-236,Durant ex,sv8,Surging Sparks,236,Special Illustration Rare,normal,24.26,28.267752,38.99,0.725000051295204,-27.499994870479604,-10.722248,5,
sv9-171,Volcanion ex,sv9,Journey Together,171,Ultra Rare,normal,1.25,1.4565000000000001,1.11,1.3121621621621622,31.216216216216218,0.34650000000000003,4,
swsh10-192,Origin Forme Palkia VSTAR,swsh10,Astral Radiance,192,Rare Rainbow,normal,16.1,18.75972,15.88,1.1813425692695214,18.13425692695214,2.8797200000000007,4,
swsh7-173,Suicune V,swsh7,Evolving Skies,173,Rare Ultra,normal,9.29,10.824708,9.09,1.1908369636963696,19.08369636963696,1.7347079999999995,4,
sv4pt5-243,Miraidon ex,sv4pt5,Paldean Fates,243,Hyper Rare,normal,11.54,13.446408,15.76,0.8531984771573604,-14.680152284263958,-2.313592,5,
swsh12-177,Unown V,swsh12,Silver Tempest,177,Rare Ultra,normal,24.44,28.477488,30.39,0.93706771964462,-6.293228035538001,-1.9125119999999995,4,
sv5-191,Iron Crown ex,sv5,Temporal Forces,191,Ultra Rare,normal,1.64,1.910928,1.9,1.0057515789473686,0.5751578947368552,0.010928000000000049,5,
swsh9-160,Whimsicott V,swsh9,Brilliant Stars,160,Rare Ultra,normal,1.4,1.6312799999999998,2.01,0.8115820895522388,-18.841791044776123,-0.37871999999999995,4,
swsh10-191,Heatran VMAX,swsh10,Astral Radiance,191,Rare Rainbow,normal,6.99,8.144748,6.67,1.2211016491754123,22.11016491754123,1.474748,4,
sv1-248,Iron Treads ex,sv1,Scarlet & Violet,248,Special Illustration Rare,normal,4.85,5.6512199999999995,6.07,0.9310082372322899,-6.899176276771013,-0.4187800000000008,5,
sv6-214,Greninja ex,sv6,Twilight Masquerade,214,Special Illustration Rare,normal,227.5,265.083,370.23,0.7159954622802043,-28.40045377197957,-105.14699999999999,5,
sv5-187,Incineroar ex,sv5,Temporal Forces,187,Ultra Rare,normal,1.97,2.295444,3.05,0.7526045901639344,-24.739540983606556,-0.754556,5,
swsh9-158,Raichu V,swsh9,Brilliant Stars,158,Rare Ultra,normal,4.95,5.76774,6.0,0.96129,-3.871000000000002,-0.23226000000000013,4,
sv4pt5-244,Ting-Lu ex,sv4pt5,Paldean Fates,244,Hyper Rare,normal,5.8,6.75816,6.85,0.9865927007299271,-1.3407299270072892,-0.09183999999999948,5,
swsh10-164,Virizion V,swsh10,Astral Radiance,164,Rare Ultra,normal,3.27,3.810204,2.2,1.731910909090909,73.1910909090909,1.610204,4,
sv3pt5-188,Alakazam ex,sv3pt5,151,188,Ultra Rare,normal,13.7,15.963239999999999,10.75,1.4849525581395349,48.495255813953484,5.213239999999999,5,
swsh7-217,Rayquaza VMAX,swsh7,Evolving Skies,217,Rare Rainbow,normal,75.8,88.32216,124.98,0.7066903504560729,-29.330964954392712,-36.65784000000001,4,
sv8pt5-168,Bloodmoon Ursaluna ex,sv8pt5,Prismatic Evolutions,168,Special Illustration Rare,normal,49.98,58.236695999999995,63.95,0.9106598279906175,-8.93401720093825,-5.713304000000008,5,
swsh7-218,Rayquaza VMAX,swsh7,Evolving Skies,218,Rare Rainbow,normal,1097.71,1279.051692,1249.33,1.0237901050963316,2.3790105096331615,29.721692000000075,4,
sv10-216,Team Rocket's Nidoking ex,sv10,Destined Rivals,216,Ultra Rare,normal,3.81,4.439412,3.7,1.199841081081081,19.98410810810809,0.7394119999999997,5,
me1-177,Mega Venusaur ex,me1,Mega Evolution,177,Special Illustration Rare,normal,144.66,168.557832,154.66,1.0898605457131774,8.986054571317737,13.897831999999994,5,
sv8pt5-164,Gholdengo ex,sv8pt5,Prismatic Evolutions,164,Special Illustration Rare,normal,46.36,54.018672,50.48,1.0701004754358163,7.010047543581632,3.5386720000000054,5,
me1-164,Mega Kangaskhan ex,me1,Mega Evolution,164,Ultra Rare,normal,4.95,5.76774,5.33,1.0821275797373358,8.212757973733575,0.4377399999999998,5,
swsh11-184,Galarian Perrserker V,swsh11,Lost Origin,184,Rare Ultra,normal,19.94,23.234088000000003,21.47,1.0821652538425712,8.216525384257123,1.7640880000000045,4,
sv8pt5-169,Terapagos ex,sv8pt5,Prismatic Evolutions,169,Special Illustration Rare,normal,30.59,35.643468,32.0,1.113858375,11.385837499999996,3.6434679999999986,5,
swsh10-165,Heatran V,swsh10,Astral Radiance,165,Rare Ultra,normal,2.59,3.017868,2.02,1.4939940594059407,49.399405940594065,0.997868,4,
sv6-192,Hearthflame Mask Ogerpon ex,sv6,Twilight Masquerade,192,Ultra Rare,normal,2.11,2.4585719999999998,2.28,1.078321052631579,7.832105263157896,0.17857199999999995,5,
swsh12-196,Serperior VSTAR,swsh12,Silver Tempest,196,Rare Rainbow,normal,7.43,8.657436,7.13,1.2142266479663395,21.42266479663395,1.5274360000000007,4,
sv5-193,Gengar ex,sv5,Temporal Forces,193,Ultra Rare,normal,29.76,34.676352,57.46,0.60348680821441,-39.651319178559,-22.783648,5,
me2-113,Mega Sharpedo ex,me2,Phantasmal Flames,113,Ultra Rare,normal,2.32,2.703264,2.25,1.2014506666666667,20.145066666666665,0.4532639999999999,5,
sv1-233,Iron Treads ex,sv1,Scarlet & Violet,233,Ultra Rare,normal,1.17,1.363284,1.06,1.2861169811320754,28.611698113207538,0.3032839999999999,5,
sv10-234,Team Rocket's Crobat ex,sv10,Destined Rivals,234,Special Illustration Rare,normal,65.45,76.26234000000001,61.44,1.2412490234375002,24.124902343750023,14.822340000000011,5,
sv4-230,Aegislash ex,sv4,Paradox Rift,230,Ultra Rare,normal,1.43,1.666236,1.93,0.8633347150259068,-13.666528497409324,-0.2637639999999999,5,
sv5-186,Iron Leaves ex,sv5,Temporal Forces,186,Ultra Rare,normal,1.84,2.143968,1.95,1.0994707692307693,9.947076923076924,0.19396800000000014,5,
sv5-192,Iron Boulder ex,sv5,Temporal Forces,192,Ultra Rare,normal,1.5,1.7478,1.75,0.9987428571428572,-0.12571428571428456,-0.0021999999999999797,5,
swsh10-198,Origin Forme Dialga VSTAR,swsh10,Astral Radiance,198,Rare Rainbow,normal,14.65,17.07018,19.12,0.8927918410041841,-10.720815899581593,-2.0498200000000004,4,
swsh11-183,Galarian Perrserker V,swsh11,Lost Origin,183,Rare Ultra,normal,1.89,2.202228,1.9,1.1590673684210526,15.906736842105262,0.30222799999999994,4,
swsh9-153,Charizard V,swsh9,Brilliant Stars,153,Rare Ultra,normal,53.23,62.023596,34.45,1.8003946589259794,80.03946589259795,27.573595999999995,4,
swsh9-175,Whimsicott VSTAR,swsh9,Brilliant Stars,175,Rare Rainbow,normal,4.71,5.488092,6.13,0.8952841761827081,-10.471582381729194,-0.6419079999999999,4,
sv4pt5-232,Mew ex,sv4pt5,Paldean Fates,232,Special Illustration Rare,normal,812.28,946.468656,923.82,1.0245163083717608,2.4516308371760775,22.64865599999996,5,
swsh12-179,Hisuian Arcanine V,swsh12,Silver Tempest,179,Rare Ultra,normal,5.47,6.373644,5.47,1.1652,16.520000000000003,0.9036439999999999,4,
sv3-225,Pidgeot ex,sv3,Obsidian Flames,225,Special Illustration Rare,normal,16.93,19.726836,21.03,0.938033095577746,-6.196690442225405,-1.3031640000000024,5,
me2-108,Mega Heracross ex,me2,Phantasmal Flames,108,Ultra Rare,normal,2.01,2.342052,2.12,1.104741509433962,10.47415094339621,0.2220519999999997,5,
sv9-186,Hop's Zacian ex,sv9,Journey Together,186,Special Illustration Rare,normal,35.39,41.236428000000004,32.62,1.2641455548743104,26.414555487431034,8.616428000000006,4,
swsh10-194,Machamp VMAX,swsh10,Astral Radiance,194,Rare Rainbow,normal,11.29,13.155107999999998,16.89,0.7788696269982237,-22.11303730017763,-3.734892000000002,4,
sv8pt5-165,Dragapult ex,sv8pt5,Prismatic Evolutions,165,Special Illustration Rare,normal,95.28,111.020256,106.68,1.0406848143982002,4.068481439820015,4.340255999999997,5,
sv9-174,Mamoswine ex,sv9,Journey Together,174,Ultra Rare,normal,1.06,1.235112,0.85,1.4530729411764707,45.30729411764707,0.385112,4,penny
sv10-231,Team Rocket's Mewtwo ex,sv10,Destined Rivals,231,Special Illustration Rare,normal,547.86,638.366472,472.63,1.3506685398726277,35.06685398726277,165.73647200000005,5,
swsh7-182,Golurk V,swsh7,Evolving Skies,182,Rare Ultra,normal,24.71,28.792092,39.54,0.7281763277693475,-27.182367223065253,-10.747907999999999,4,
sv8pt5-148,Hearthflame Mask Ogerpon ex,sv8pt5,Prismatic Evolutions,148,Special Illustration Rare,normal,16.14,18.806328,17.97,1.0465402337228715,4.654023372287153,0.8363280000000017,5,
sv8pt5-161,Umbreon ex,sv8pt5,Prismatic Evolutions,161,Special Illustration Rare,normal,947.8,1104.37656,1451.94,0.7606213479895862,-23.937865201041376,-347.5634400000001,5,
sv1-223,Spidops ex,sv1,Scarlet & Violet,223,Ultra Rare,normal,1.21,1.409892,1.33,1.0600691729323306,6.006917293233061,0.07989199999999985,5,
sv8pt5-145,Teal Mask Ogerpon ex,sv8pt5,Prismatic Evolutions,145,Special Illustration Rare,normal,17.18,20.018136,20.07,0.9974158445440956,-0.2584155455904402,-0.05186400000000191,5,
sv3-212,Vespiquen ex,sv3,Obsidian Flames,212,Ultra Rare,normal,1.46,1.701192,1.56,1.0905076923076924,9.050769230769241,0.14119199999999998,5,
sv3pt5-198,Venusaur ex,sv3pt5,151,198,Special Illustration Rare,normal,110.82,129.127464,118.63,1.0884891174239233,8.848911742392328,10.497464000000008,5,
sv8pt5-153,Jolteon ex,sv8pt5,Prismatic Evolutions,153,Special Illustration Rare,normal,155.16,180.792432,194.83,0.927949658676795,-7.205034132320498,-14.037568000000022,5,
swsh12-181,Skuntank V,swsh12,Silver Tempest,181,Rare Ultra,normal,11.05,12.87546,11.8,1.0911406779661017,9.11406779661017,1.0754599999999996,4,
swsh7-220,Duraludon VMAX,swsh7,Evolving Skies,220,Rare Rainbow,normal,18.47,21.521244,15.62,1.3778005121638925,37.78005121638925,5.901244,4,
sv10-219,Team Rocket's Persian ex,sv10,Destined Rivals,219,Ultra Rare,normal,3.8,4.42776,4.58,0.9667598253275109,-3.3240174672489076,-0.15223999999999993,5,
swsh11-198,Magnezone VSTAR,swsh11,Lost Origin,198,Rare Rainbow,normal,6.78,7.900056,6.07,1.3014919275123558,30.149192751235574,1.830056,4,
swsh10-210,Origin Forme Dialga VSTAR,swsh10,Astral Radiance,210,Rare Secret,normal,12.67,14.763084,13.4,1.101722686567164,10.17226865671641,1.3630839999999989,4,
sv6pt5-93,Pecharunt ex,sv6pt5,Shrouded Fable,93,Special Illustration Rare,normal,19.78,23.047656,23.75,0.9704276210526316,-2.9572378947368416,-0.7023440000000001,5,
swsh10-171,Machamp V,swsh10,Astral Radiance,171,Rare Ultra,normal,10.77,12.549204,11.12,1.1285255395683453,12.852553956834534,1.4292040000000004,4,
sv8-220,Latias ex,sv8,Surging Sparks,220,Ultra Rare,normal,6.63,7.725276,7.85,0.984111592356688,-1.5888407643312008,-0.12472399999999961,5,
sv4-220,Tsareena ex,sv4,Paradox Rift,220,Ultra Rare,normal,2.33,2.714916,2.76,0.9836652173913044,-1.6334782608695586,-0.04508399999999968,5,
me2-109,Mega Charizard X ex,me2,Phantasmal Flames,109,Ultra Rare,normal,24.09,28.069668,27.03,1.038463485016648,3.846348501664809,1.039667999999999,5,
sv6-215,Cornerstone Mask Ogerpon ex,sv6,Twilight Masquerade,215,Special Illustration Rare,normal,12.69,14.786387999999999,13.49,1.0960999258710156,9.609992587101557,1.2963879999999985,5,
swsh7-177,Jolteon V,swsh7,Evolving Skies,177,Rare Ultra,normal,14.83,17.279916,18.67,0.9255445099089448,-7.445549009105523,-1.3900840000000017,4,
sv4-229,Roaring Moon ex,sv4,Paradox Rift,229,Ultra Rare,normal,2.65,3.08778,3.55,0.8697971830985916,-13.020281690140845,-0.46221999999999985,5,
sv8pt5-149,Vaporeon ex,sv8pt5,Prismatic Evolutions,149,Special Illustration Rare,normal,185.37,215.993124,295.02,0.7321304453935327,-26.786955460646734,-79.02687599999999,5,
me1-178,Mega Gardevoir ex,me1,Mega Evolution,178,Special Illustration Rare,normal,196.39,228.83362799999998,190.2,1.203121072555205,20.312107255520505,38.63362799999999,5,
swsh7-170,Volcarona V,swsh7,Evolving Skies,170,Rare Ultra,normal,6.05,7.04946,6.5,1.0845323076923077,8.453230769230768,0.5494599999999998,4,
swsh11-197,Kyurem VMAX,swsh11,Lost Origin,197,Rare Rainbow,normal,7.63,8.890476,8.6,1.0337762790697675,3.3776279069767545,0.29047599999999996,4,
sv9-172,Iono's Bellibolt ex,sv9,Journey Together,172,Ultra Rare,normal,1.74,2.027448,2.43,0.8343407407407407,-16.565925925925928,-0.402552,4,
sv8pt5-150,Glaceon ex,sv8pt5,Prismatic Evolutions,150,Special Illustration Rare,normal,179.59,209.25826800000002,289.5,0.7228264870466322,-27.71735129533678,-80.24173199999998,5,
me2pt5-276,Pikachu ex,me2pt5,Ascended Heroes,276,Special Illustration Rare,normal,1090.91,1271.128332,1033.08,1.2304258450458823,23.042584504588227,238.04833200000007,2,
sv5-206,Iron Crown ex,sv5,Temporal Forces,206,Special Illustration Rare,normal,58.38,68.024376,51.01,1.3335498137620077,33.35498137620077,17.014376000000006,5,
swsh7-212,Sylveon VMAX,swsh7,Evolving Skies,212,Rare Rainbow,normal,258.44,301.134288,389.33,0.7734679783217323,-22.65320216782677,-88.19571199999996,4,
swsh7-188,Umbreon V,swsh7,Evolving Skies,188,Rare Ultra,normal,47.52,55.370304000000004,59.61,0.9288760946149975,-7.112390538500247,-4.239695999999995,4,
sv4-246,Golisopod ex,sv4,Paradox Rift,246,Special Illustration Rare,normal,20.49,23.874948,26.27,0.9088293871336125,-9.11706128663875,-2.3950519999999997,5,
swsh10-209,Hisuian Samurott VSTAR,swsh10,Astral Radiance,209,Rare Secret,normal,7.12,8.296224,9.05,0.9167098342541437,-8.329016574585635,-0.7537760000000002,4,
sv7-168,Galvantula ex,sv7,Stellar Crown,168,Special Illustration Rare,normal,16.68,19.435536,18.26,1.0643776560788607,6.43776560788607,1.1755359999999975,5,
swsh7-166,Leafeon V,swsh7,Evolving Skies,166,Rare Ultra,normal,20.38,23.746776,22.61,1.0502775762936754,5.027757629367535,1.1367760000000011,4,
sv9-187,Salamence ex,sv9,Journey Together,187,Special Illustration Rare,normal,71.38,83.171976,59.65,1.3943332103939647,39.433321039396475,23.521976000000002,4,
sv6pt5-82,Okidogi ex,sv6pt5,Shrouded Fable,82,Ultra Rare,normal,1.78,2.074056,2.28,0.9096736842105264,-9.03263157894736,-0.20594399999999968,5,
sv10-240,Team Rocket's Mewtwo ex,sv10,Destined Rivals,240,Hyper Rare,normal,62.09,72.347268,59.87,1.208406013028228,20.84060130282279,12.477268000000002,5,
swsh10-177,Origin Forme Dialga V,swsh10,Astral Radiance,177,Rare Ultra,normal,71.22,82.985544,65.35,1.2698629533282328,26.986295332823286,17.63554400000001,4,
me2pt5-280,Lillie's Clefairy ex,me2pt5,Ascended Heroes,280,Special Illustration Rare,normal,117.19,136.549788,154.69,0.882731837869287,-11.7268162130713,-18.14021199999999,2,
sv8-217,Milotic ex,sv8,Surging Sparks,217,Ultra Rare,normal,2.77,3.227604,2.44,1.3227885245901638,32.278852459016385,0.787604,5,
swsh11-179,Aerodactyl V,swsh11,Lost Origin,179,Rare Ultra,normal,3.38,3.938376,3.1,1.270443870967742,27.04438709677419,0.8383759999999998,4,
sv10-242,Team Rocket's Crobat ex,sv10,Destined Rivals,242,Hyper Rare,normal,17.1,19.92492,13.01,1.5315080707148347,53.15080707148348,6.91492,5,
swsh11-202,Hisuian Goodra VSTAR,swsh11,Lost Origin,202,Rare Rainbow,normal,7.04,8.203008,11.36,0.7220957746478874,-27.790422535211256,-3.156991999999999,4,
me2-110,Oricorio ex,me2,Phantasmal Flames,110,Ultra Rare,normal,1.49,1.736148,1.36,1.2765794117647058,27.65794117647058,0.3761479999999999,5,
sv8-215,Durant ex,sv8,Surging Sparks,215,Ultra Rare,normal,1.22,1.421544,1.2,1.18462,18.462,0.22154399999999996,5,
sv8-218,Black Kyurem ex,sv8,Surging Sparks,218,Ultra Rare,normal,2.35,2.73822,1.99,1.3759899497487438,37.59899497487438,0.7482200000000001,5,
swsh11-175,Magnezone V,swsh11,Lost Origin,175,Rare Ultra,normal,2.2,2.5634400000000004,1.91,1.3421151832460736,34.21151832460736,0.6534400000000005,4,
sv6-200,Dragapult ex,sv6,Twilight Masquerade,200,Ultra Rare,normal,8.03,9.356556,13.38,0.6992941704035873,-30.070582959641268,-4.023444000000001,5,
sv4pt5-241,Chi-Yu ex,sv4pt5,Paldean Fates,241,Hyper Rare,normal,8.53,9.939155999999999,11.92,0.8338218120805369,-16.617818791946316,-1.9808440000000012,5,
swsh11-188,Pidgeot V,swsh11,Lost Origin,188,Rare Ultra,normal,3.53,4.113156,2.7,1.523391111111111,52.339111111111094,1.4131559999999999,4,
sv3pt5-186,Ninetales ex,sv3pt5,151,186,Ultra Rare,normal,14.42,16.802184,14.75,1.1391311186440678,13.91311186440678,2.0521840000000005,5,
sv4pt5-234,Charizard ex,sv4pt5,Paldean Fates,234,Special Illustration Rare,normal,236.58,275.663016,280.79,0.9817408597172265,-1.8259140282773534,-5.126983999999993,5,
sv8-225,Alolan Exeggutor ex,sv8,Surging Sparks,225,Ultra Rare,normal,2.48,2.889696,1.96,1.474334693877551,47.4334693877551,0.9296959999999999,5,
sv3pt5-200,Blastoise ex,sv3pt5,151,200,Special Illustration Rare,normal,138.7,161.61324,140.62,1.1492905703313894,14.929057033138937,20.993239999999986,5,
sv4-225,Iron Valiant ex,sv4,Paradox Rift,225,Ultra Rare,normal,2.35,2.73822,2.6,1.0531615384615385,5.316153846153848,0.13822,5,
swsh10-167,Origin Forme Palkia V,swsh10,Astral Radiance,167,Rare Ultra,normal,79.89,93.087828,93.91,0.9912451070173571,-0.875489298264287,-0.8221719999999948,4,
sv6-198,Greninja ex,sv6,Twilight Masquerade,198,Ultra Rare,normal,10.35,12.05982,15.14,0.796553500660502,-20.3446499339498,-3.0801800000000004,5,
swsh10-190,Hisuian Lilligant VSTAR,swsh10,Astral Radiance,190,Rare Rainbow,normal,7.23,8.424396,7.85,1.073171464968153,7.317146496815297,0.5743960000000001,4,
sv1-231,Koraidon ex,sv1,Scarlet & Violet,231,Ultra Rare,normal,1.92,2.237184,2.12,1.0552754716981132,5.52754716981132,0.11718399999999995,5,
sv1-228,Gardevoir ex,sv1,Scarlet & Violet,228,Ultra Rare,normal,2.93,3.4140360000000003,5.24,0.6515335877862596,-34.84664122137404,-1.825964,5,
sv8-240,Hydreigon ex,sv8,Surging Sparks,240,Special Illustration Rare,normal,32.88,38.311776,37.74,1.0151503974562799,1.5150397456279885,0.5717759999999998,5,
sv7-167,Hydrapple ex,sv7,Stellar Crown,167,Special Illustration Rare,normal,23.33,27.184116,37.34,0.7280159614354579,-27.198403856454213,-10.155884000000004,5,
swsh7-211,Sylveon VMAX,swsh7,Evolving Skies,211,Rare Rainbow,normal,29.07,33.872364,60.47,0.5601515462212667,-43.98484537787333,-26.597636,4,
sv3-211,Tyranitar ex,sv3,Obsidian Flames,211,Ultra Rare,normal,2.84,3.3091679999999997,5.5,0.601666909090909,-39.8333090909091,-2.1908320000000003,5,
swsh10-175,Hisuian Sneasler V,swsh10,Astral Radiance,175,Rare Ultra,normal,27.62,32.182824000000004,36.53,0.8809970982753902,-11.90029017246098,-4.3471759999999975,4,
sv4pt5-245,Koraidon ex,sv4pt5,Paldean Fates,245,Hyper Rare,normal,12.35,14.39022,13.2,1.0901681818181819,9.016818181818188,1.19022,5,
swsh7-193,Rayquaza V,swsh7,Evolving Skies,193,Rare Ultra,normal,46.13,53.750676000000006,81.73,0.6576615196378319,-34.233848036216806,-27.979324,4,
sv1-232,Toxicroak ex,sv1,Scarlet & Violet,232,Ultra Rare,normal,1.72,2.004144,1.96,1.0225224489795919,2.252244897959188,0.04414400000000018,5,
sv8-242,Alolan Exeggutor ex,sv8,Surging Sparks,242,Special Illustration Rare,normal,28.31,32.986812,33.23,0.9926816731868794,-0.7318326813120613,-0.2431879999999964,5,
me2-111,Rotom ex,me2,Phantasmal Flames,111,Ultra Rare,normal,1.36,1.584672,1.23,1.2883512195121951,28.835121951219513,0.3546720000000001,5,
sv4pt5-233,Gardevoir ex,sv4pt5,Paldean Fates,233,Special Illustration Rare,normal,173.63,202.313676,172.99,1.1695108156540839,16.951081565408387,29.323675999999978,5,
sv8pt5-147,Ceruledge ex,sv8pt5,Prismatic Evolutions,147,Special Illustration Rare,normal,80.76,94.10155200000001,102.4,0.91896046875,-8.103953124999997,-8.298447999999993,5,
sv1-229,Banette ex,sv1,Scarlet & Violet,229,Ultra Rare,normal,1.88,2.190576,2.26,0.9692814159292037,-3.0718584070796306,-0.06942399999999971,5,
sv6-193,Palafin ex,sv6,Twilight Masquerade,193,Ultra Rare,normal,1.39,1.6196279999999998,1.58,1.0250810126582277,2.508101265822771,0.039627999999999775,5,
sv6pt5-83,Munkidori ex,sv6pt5,Shrouded Fable,83,Ultra Rare,normal,1.87,2.1789240000000003,2.57,0.8478303501945527,-15.216964980544734,-0.39107599999999954,5,
swsh9-181,Galarian Articuno V,swsh9,Brilliant Stars,181,Rare Secret,normal,12.23,14.250396,14.85,0.9596226262626263,-4.037737373737372,-0.5996039999999994,4,
sv6pt5-90,Okidogi ex,sv6pt5,Shrouded Fable,90,Special Illustration Rare,normal,15.8,18.41016,23.09,0.7973217843222175,-20.267821567778256,-4.679839999999999,5,
sv4-249,Iron Valiant ex,sv4,Paradox Rift,249,Special Illustration Rare,normal,21.4,24.93528,21.49,1.160320148906468,16.032014890646806,3.4452800000000003,5,
sv9-176,Hop's Zacian ex,sv9,Journey Together,176,Ultra Rare,normal,1.98,2.307096,2.04,1.130929411764706,13.092941176470596,0.267096,4,
sv6pt5-85,Pecharunt ex,sv6pt5,Shrouded Fable,85,Ultra Rare,normal,3.2,3.7286400000000004,8.03,0.46433872976338736,-53.56612702366126,-4.301359999999999,5,
sv1-225,Gyarados ex,sv1,Scarlet & Violet,225,Ultra Rare,normal,6.67,7.771884,9.26,0.8392963282937366,-16.070367170626344,-1.4881159999999998,5,
swsh7-180,Espeon V,swsh7,Evolving Skies,180,Rare Ultra,normal,161.86,188.599272,239.42,0.7877339904769861,-21.22660095230139,-50.820727999999974,4,
swsh10-168,Luxray V,swsh10,Astral Radiance,168,Rare Ultra,normal,3.74,4.357848000000001,5.33,0.8176075046904316,-18.239249530956837,-0.9721519999999995,4,
sv5-204,Gouging Fire ex,sv5,Temporal Forces,204,Special Illustration Rare,normal,37.26,43.415352,52.01,0.8347500865218227,-16.524991347817732,-8.594648,5,
swsh9-154,Charizard V,swsh9,Brilliant Stars,154,Rare Ultra,normal,236.2,275.22024,297.13,0.926262040184431,-7.3737959815568965,-21.909760000000006,4,
sv10-239,Ethan's Ho-Oh ex,sv10,Destined Rivals,239,Hyper Rare,normal,23.32,27.172464,25.97,1.0463020408163266,4.630204081632661,1.2024640000000026,5,
me2pt5-283,Mega Hawlucha ex,me2pt5,Ascended Heroes,283,Special Illustration Rare,normal,39.72,46.281743999999996,54.73,0.8456375662342408,-15.43624337657592,-8.448256,2,
swsh10-197,Hisuian Samurott VSTAR,swsh10,Astral Radiance,197,Rare Rainbow,normal,7.65,8.913780000000001,8.64,1.0316875,3.168750000000009,0.27378000000000036,4,
sv10-232,Cynthia's Garchomp ex,sv10,Destined Rivals,232,Special Illustration Rare,normal,217.12,252.988224,236.72,1.0687234876647516,6.872348766475156,16.268224000000004,5,
sv1-234,Oinkologne ex,sv1,Scarlet & Violet,234,Ultra Rare,normal,1.22,1.421544,1.35,1.0529955555555555,5.299555555555546,0.07154399999999983,5,
sv5-216,Iron Crown ex,sv5,Temporal Forces,216,Hyper Rare,normal,8.84,10.300368,8.26,1.247017917675545,24.701791767554493,2.040368000000001,5,
me2-128,Mega Lopunny ex,me2,Phantasmal Flames,128,Special Illustration Rare,normal,14.37,16.743924,15.27,1.0965241650294695,9.652416502946949,1.4739240000000002,5,
me1-180,Mega Absol ex,me1,Mega Evolution,180,Special Illustration Rare,normal,78.54,91.514808,52.09,1.7568594355922442,75.68594355922443,39.424808,5,
swsh9-161,Honchkrow V,swsh9,Brilliant Stars,161,Rare Ultra,normal,1.98,2.307096,1.43,1.6133538461538461,61.33538461538461,0.8770960000000001,4,
me1-159,Mega Gardevoir ex,me1,Mega Evolution,159,Ultra Rare,normal,5.06,5.895912,4.83,1.2206857142857144,22.06857142857144,1.065912,5,
sv8pt5-155,Espeon ex,sv8pt5,Prismatic Evolutions,155,Special Illustration Rare,normal,200.07,233.121564,320.12,0.7282318005747844,-27.176819942521558,-86.998436,5,
sv8pt5-144,Leafeon ex,sv8pt5,Prismatic Evolutions,144,Special Illustration Rare,normal,223.3,260.18916,340.75,0.7635778723404256,-23.64221276595744,-80.56083999999998,5,
swsh9-156,Lumineon V,swsh9,Brilliant Stars,156,Rare Ultra,normal,16.84,19.621968,15.5,1.2659334193548386,26.59334193548386,4.121967999999999,4,
me2pt5-288,Fezandipiti ex,me2pt5,Ascended Heroes,288,Special Illustration Rare,normal,56.88,66.276576,55.98,1.1839331189710613,18.393311897106134,10.296576000000009,2,
swsh10-208,Origin Forme Palkia VSTAR,swsh10,Astral Radiance,208,Rare Secret,normal,10.18,11.861736,12.11,0.9794992568125517,-2.0500743187448323,-0.24826399999999893,4,
sv4-260,Garchomp ex,sv4,Paradox Rift,260,Hyper Rare,normal,8.9,10.370280000000001,17.47,0.59360503720664,-40.639496279335994,-7.099719999999998,5,
sv10-233,Team Rocket's Nidoking ex,sv10,Destined Rivals,233,Special Illustration Rare,normal,112.35,130.91021999999998,101.85,1.285323711340206,28.532371134020607,29.060219999999987,5,
swsh11-177,Rotom V,swsh11,Lost Origin,177,Rare Ultra,normal,24.65,28.722179999999998,31.4,0.9147191082802547,-8.528089171974528,-2.6778200000000005,4,
sv7-159,Galvantula ex,sv7,Stellar Crown,159,Ultra Rare,normal,1.77,2.062404,1.86,1.1088193548387095,10.881935483870953,0.2024039999999998,5,
sv6pt5-80,Kingdra ex,sv6pt5,Shrouded Fable,80,Ultra Rare,normal,2.57,2.994564,3.78,0.7922126984126985,-20.778730158730152,-0.7854359999999998,5,
swsh9-163,Zamazenta V,swsh9,Brilliant Stars,163,Rare Ultra,normal,2.37,2.761524,2.35,1.1751165957446807,17.511659574468077,0.411524,4,
swsh7-169,Flareon V,swsh7,Evolving Skies,169,Rare Ultra,normal,17.51,20.402652000000003,21.95,0.9295057858769934,-7.04942141230066,-1.547347999999996,4,
swsh9-152,Shaymin V,swsh9,Brilliant Stars,152,Rare Ultra,normal,4.65,5.41818,2.31,2.345532467532468,134.55324675324678,3.1081800000000004,4,
sv6pt5-92,Fezandipiti ex,sv6pt5,Shrouded Fable,92,Special Illustration Rare,normal,25.02,29.153304,38.98,0.7479041559774243,-25.20958440225757,-9.826695999999998,5,
sv9-178,Dudunsparce ex,sv9,Journey Together,178,Ultra Rare,normal,1.33,1.549716,1.25,1.2397728000000001,23.97728000000001,0.2997160000000001,2,
sv7-170,Terapagos ex,sv7,Stellar Crown,170,Special Illustration Rare,normal,37.08,43.205616,36.21,1.193195691797846,19.31956917978459,6.995615999999998,5,
sv10-235,Arven's Mabosstiff ex,sv10,Destined Rivals,235,Special Illustration Rare,normal,27.66,32.229432,30.8,1.04641012987013,4.641012987013005,1.429432000000002,5,
sv1-224,Arcanine ex,sv1,Scarlet & Violet,224,Ultra Rare,normal,7.71,8.983692,14.3,0.6282302097902097,-37.176979020979026,-5.316308000000001,5,
sv10-213,Team Rocket's Mewtwo ex,sv10,Destined Rivals,213,Ultra Rare,normal,18.47,21.521244,18.88,1.1398963983050847,13.989639830508471,2.6412440000000004,5,
sv3pt5-202,Zapdos ex,sv3pt5,151,202,Special Illustration Rare,normal,128.57,149.809764,93.3,1.60567807073955,60.567807073954995,56.509764000000004,5,
sv5-195,Scizor ex,sv5,Temporal Forces,195,Ultra Rare,normal,2.53,2.947956,4.16,0.7086432692307693,-29.135673076923073,-1.2120440000000001,5,
swsh12-172,Reshiram V,swsh12,Silver Tempest,172,Rare Ultra,normal,6.01,7.002852,6.66,1.0514792792792793,5.147927927927931,0.3428519999999997,4,
me2pt5-272,Mega Meganium ex,me2pt5,Ascended Heroes,272,Special Illustration Rare,normal,64.15,74.74758000000001,83.92,0.890700428979981,-10.929957102001897,-9.172419999999988,2,
swsh7-228,Cresselia,swsh7,Evolving Skies,228,Rare Secret,normal,15.09,17.582868,12.33,1.4260233576642336,42.60233576642336,5.252868000000001,4,
sv5-213,Iron Leaves ex,sv5,Temporal Forces,213,Hyper Rare,normal,9.58,11.162616,8.45,1.3210196449704144,32.101964497041436,2.7126160000000006,5,
swsh7-227,Inteleon,swsh7,Evolving Skies,227,Rare Secret,normal,10.04,11.698607999999998,11.03,1.06061722574796,6.061722574796002,0.668607999999999,4,
sv10-218,Arven's Mabosstiff ex,sv10,Destined Rivals,218,Ultra Rare,normal,1.4,1.6312799999999998,1.56,1.0456923076923075,4.569230769230748,0.07127999999999979,5,
me1-179,Mega Lucario ex,me1,Mega Evolution,179,Special Illustration Rare,normal,209.42,244.01618399999998,193.44,1.261456699751861,26.145669975186102,50.576183999999984,5,
swsh11-172,Hisuian Electrode V,swsh11,Lost Origin,172,Rare Ultra,normal,3.13,3.6470759999999998,2.42,1.5070561983471074,50.70561983471074,1.2270759999999998,4,
sv5-196,Raging Bolt ex,sv5,Temporal Forces,196,Ultra Rare,normal,2.74,3.192648,3.59,0.8893169916434541,-11.068300835654588,-0.3973519999999997,5,
swsh9-165,Arceus V,swsh9,Brilliant Stars,165,Rare Ultra,normal,6.03,7.026156,9.91,0.708996569122099,-29.100343087790105,-2.883844,4,
me2pt5-273,Mega Emboar ex,me2pt5,Ascended Heroes,273,Special Illustration Rare,normal,46.41,54.076932,49.55,1.0913608879919274,9.136088799192743,4.526932000000002,2,
sv8-248,Alolan Exeggutor ex,sv8,Surging Sparks,248,Hyper Rare,normal,12.77,14.879604,10.77,1.3815788300835656,38.15788300835656,4.109604000000001,5,
swsh7-181,Golurk V,swsh7,Evolving Skies,181,Rare Ultra,normal,4.33,5.045316000000001,3.81,1.3242299212598427,32.42299212598427,1.2353160000000005,4,
swsh7-197,Duraludon V,swsh7,Evolving Skies,197,Rare Ultra,normal,3.75,4.3695,2.32,1.8834051724137935,88.34051724137935,2.0495000000000005,4,
sv3-214,Absol ex,sv3,Obsidian Flames,214,Ultra Rare,normal,2.16,2.5168320000000004,2.69,0.9356252788104091,-6.437472118959087,-0.17316799999999954,5,
sv3-213,Glimmora ex,sv3,Obsidian Flames,213,Ultra Rare,normal,0.79,0.9205080000000001,1.12,0.8218821428571429,-17.811785714285712,-0.199492,5,penny
swsh10-176,Hisuian Samurott V,swsh10,Astral Radiance,176,Rare Ultra,normal,3.22,3.7519440000000004,3.16,1.1873240506329115,18.732405063291147,0.5919440000000002,4,
sv3-215,Charizard ex,sv3,Obsidian Flames,215,Ultra Rare,normal,22.99,26.787948,21.84,1.2265543956043956,22.65543956043956,4.947948,5,
sv4-250,Sandy Shocks ex,sv4,Paradox Rift,250,Special Illustration Rare,normal,7.59,8.843868,9.59,0.9221968717413973,-7.780312825860269,-0.7461319999999994,5,
me1-160,Mega Lucario ex,me1,Mega Evolution,160,Ultra Rare,normal,10.56,12.304512,12.19,1.0093939294503693,0.939392945036932,0.11451200000000128,5,
swsh7-172,Vaporeon V,swsh7,Evolving Skies,172,Rare Ultra,normal,31.22,36.377544,24.6,1.478761951219512,47.876195121951206,11.777543999999999,4,
swsh7-219,Duraludon VMAX,swsh7,Evolving Skies,219,Rare Rainbow,normal,7.08,8.249616,6.81,1.211397356828194,21.139735682819392,1.439616,4,
swsh7-214,Umbreon VMAX,swsh7,Evolving Skies,214,Rare Rainbow,normal,56.65,66.00858,84.43,0.7818142840222668,-21.818571597773317,-18.421420000000012,4,
swsh7-174,Glaceon V,swsh7,Evolving Skies,174,Rare Ultra,normal,20.3,23.653560000000002,24.95,0.948038476953908,-5.196152304609203,-1.296439999999997,4,
sv9-184,Lillie's Clefairy ex,sv9,Journey Together,184,Special Illustration Rare,normal,104.71,122.00809199999999,104.5,1.1675415502392343,16.754155023923435,17.50809199999999,4,
sv8pt5-160,Cornerstone Mask Ogerpon ex,sv8pt5,Prismatic Evolutions,160,Special Illustration Rare,normal,14.26,16.615752,14.16,1.173428813559322,17.342881355932207,2.4557520000000004,5,
sv10-210,Cetitan ex,sv10,Destined Rivals,210,Ultra Rare,normal,1.47,1.712844,1.13,1.5157911504424781,51.579115044247814,0.5828440000000001,5,
sv9-183,Iono's Bellibolt ex,sv9,Journey Together,183,Special Illustration Rare,normal,34.04,39.663408,37.99,1.0440486443800998,4.404864438009981,1.673407999999995,4,
swsh10-170,Jirachi V,swsh10,Astral Radiance,170,Rare Ultra,normal,9.93,11.570435999999999,24.7,0.46843870445344127,-53.15612955465588,-13.129564,4,
swsh12-199,Unown VSTAR,swsh12,Silver Tempest,199,Rare Rainbow,normal,9.6,11.18592,10.79,1.036693234476367,3.6693234476367076,0.39592000000000027,4,
swsh7-198,Duraludon V,swsh7,Evolving Skies,198,Rare Ultra,normal,16.37,19.074324,19.45,0.9806850385604113,-1.9314961439588663,-0.37567599999999857,4,
swsh10-166,Starmie V,swsh10,Astral Radiance,166,Rare Ultra,normal,4.4,5.126880000000001,4.14,1.238376811594203,23.83768115942031,0.9868800000000011,4,
sv5-188,Gouging Fire ex,sv5,Temporal Forces,188,Ultra Rare,normal,2.42,2.819784,3.27,0.8623192660550458,-13.768073394495417,-0.45021600000000017,5,
swsh12-184,Regidrago V,swsh12,Silver Tempest,184,Rare Ultra,normal,30.59,35.643468,29.06,1.2265474191328287,22.654741913282873,6.583468,4,
sv3pt5-192,Zapdos ex,sv3pt5,151,192,Ultra Rare,normal,14.53,16.930356,10.87,1.5575304507819687,55.75304507819687,6.0603560000000005,5,
sv4-247,Tapu Koko ex,sv4,Paradox Rift,247,Special Illustration Rare,normal,15.08,17.571216,16.51,1.0642771653543306,6.427716535433059,1.0612159999999982,5,
sv7-169,Dachsbun ex,sv7,Stellar Crown,169,Special Illustration Rare,normal,26.91,31.355532,66.69,0.4701684210526316,-52.98315789473684,-35.334468,5,
sv3pt5-185,Arbok ex,sv3pt5,151,185,Ultra Rare,normal,9.75,11.3607,6.83,1.6633528550512444,66.33528550512445,4.5306999999999995,5,
sv4-262,Roaring Moon ex,sv4,Paradox Rift,262,Hyper Rare,normal,5.85,6.81642,6.11,1.1156170212765957,11.561702127659569,0.7064199999999996,5,
me2pt5-274,Mega Feraligatr ex,me2pt5,Ascended Heroes,274,Special Illustration Rare,normal,93.0,108.3636,128.9,0.8406795965865012,-15.932040341349884,-20.5364,2,
sv4-224,Cofagrigus ex,sv4,Paradox Rift,224,Ultra Rare,normal,1.46,1.701192,2.11,0.8062521327014218,-19.374786729857817,-0.40880799999999984,5,
sv5-190,Wugtrio ex,sv5,Temporal Forces,190,Ultra Rare,normal,1.66,1.934232,1.78,1.0866471910112359,8.664719101123586,0.15423199999999992,5,
sv10-212,Electivire ex,sv10,Destined Rivals,212,Ultra Rare,normal,1.5,1.7478,1.26,1.3871428571428572,38.71428571428572,0.4878,5,
me1-156,Mega Camerupt ex,me1,Mega Evolution,156,Ultra Rare,normal,2.81,3.274212,1.67,1.9606059880239521,96.06059880239522,1.604212,5,
swsh10-178,Garchomp V,swsh10,Astral Radiance,178,Rare Ultra,normal,6.0,6.9912,9.35,0.7477219251336898,-25.227807486631015,-2.3587999999999996,4,
sv10-228,Yanmega ex,sv10,Destined Rivals,228,Special Illustration Rare,normal,24.98,29.106696,19.8,1.4700351515151515,47.00351515151515,9.306695999999999,5,
sv6-191,Magcargo ex,sv6,Twilight Masquerade,191,Ultra Rare,normal,1.4,1.6312799999999998,1.6,1.0195499999999997,1.9549999999999734,0.03127999999999975,5,
swsh12-201,Regidrago VSTAR,swsh12,Silver Tempest,201,Rare Rainbow,normal,8.31,9.682812,8.02,1.2073331670822944,20.733316708229445,1.6628120000000006,4,
sv5-185,Torterra ex,sv5,Temporal Forces,185,Ultra Rare,normal,2.62,3.052824,4.57,0.6680140043763676,-33.19859956236324,-1.517176,5,
sv7-157,Cinderace ex,sv7,Stellar Crown,157,Ultra Rare,normal,2.23,2.598396,3.24,0.8019740740740741,-19.802592592592593,-0.6416040000000001,5,
sv4-223,Iron Hands ex,sv4,Paradox Rift,223,Ultra Rare,normal,1.63,1.899276,1.86,1.021116129032258,2.11161290322579,0.03927599999999987,5,
sv10-215,Cynthia's Garchomp ex,sv10,Destined Rivals,215,Ultra Rare,normal,3.65,4.25298,4.43,0.9600406320541761,-3.9959367945823887,-0.17701999999999973,5,
swsh7-176,Arctovish V,swsh7,Evolving Skies,176,Rare Ultra,normal,4.66,5.429832,3.26,1.66559263803681,66.559263803681,2.1698320000000004,4,
sv5-205,Walking Wake ex,sv5,Temporal Forces,205,Special Illustration Rare,normal,47.09,54.869268000000005,49.55,1.107351523713421,10.735152371342105,5.319268000000008,5,
sv9-177,Salamence ex,sv9,Journey Together,177,Ultra Rare,normal,1.82,2.120664,1.94,1.0931257731958763,9.312577319587634,0.18066400000000016,4,
swsh12-183,Regidrago V,swsh12,Silver Tempest,183,Rare Ultra,normal,2.32,2.703264,2.37,1.1406177215189872,14.061772151898722,0.3332639999999998,4,
swsh12-171,Chesnaught V,swsh12,Silver Tempest,171,Rare Ultra,normal,2.44,2.843088,2.42,1.1748297520661157,17.482975206611574,0.4230879999999999,4,
sv7-162,Orthworm ex,sv7,Stellar Crown,162,Ultra Rare,normal,0.97,1.130244,1.15,0.9828208695652175,-1.7179130434782475,-0.019755999999999885,5,
swsh7-195,Noivern V,swsh7,Evolving Skies,195,Rare Ultra,normal,4.31,5.022011999999999,6.5,0.7726172307692306,-22.73827692307694,-1.4779880000000007,4,
sv5-207,Iron Boulder ex,sv5,Temporal Forces,207,Special Illustration Rare,normal,18.73,21.824196,23.27,0.937868328319725,-6.2131671680275,-1.445803999999999,5,
swsh9-182,Galarian Zapdos V,swsh9,Brilliant Stars,182,Rare Secret,normal,11.79,13.737708,15.4,0.892058961038961,-10.794103896103902,-1.6622920000000008,4,
sv8-221,Palossand ex,sv8,Surging Sparks,221,Ultra Rare,normal,1.49,1.736148,1.84,0.9435586956521739,-5.644130434782612,-0.10385200000000006,5,
me2pt5-284,Mega Gengar ex,me2pt5,Ascended Heroes,284,Special Illustration Rare,normal,898.64,1047.095328,952.95,1.0987935652447662,9.879356524476623,94.14532800000006,2,
sv5-208,Raging Bolt ex,sv5,Temporal Forces,208,Special Illustration Rare,normal,61.06,71.147112,61.76,1.1519933937823836,15.199339378238363,9.387112000000009,5,
sv6pt5-91,Munkidori ex,sv6pt5,Shrouded Fable,91,Special Illustration Rare,normal,16.08,18.736416,19.4,0.9657946391752578,-3.4205360824742237,-0.6635840000000002,5,
sv8-224,Archaludon ex,sv8,Surging Sparks,224,Ultra Rare,normal,1.28,1.4914560000000001,1.09,1.3683082568807339,36.83082568807339,0.40145600000000004,5,
sv5-217,Iron Boulder ex,sv5,Temporal Forces,217,Hyper Rare,normal,9.74,11.349048,8.38,1.3543016706443913,35.43016706443913,2.969047999999999,5,
me1-161,Mega Absol ex,me1,Mega Evolution,161,Ultra Rare,normal,5.13,5.977476,5.19,1.151729479768786,15.172947976878604,0.7874759999999998,5,
sv1-245,Gardevoir ex,sv1,Scarlet & Violet,245,Special Illustration Rare,normal,60.17,70.110084,71.93,0.9746987904907548,-2.5301209509245193,-1.8199160000000063,5,
sv1-247,Koraidon ex,sv1,Scarlet & Violet,247,Special Illustration Rare,normal,24.52,28.570704,22.91,1.2470844172850284,24.70844172850284,5.660703999999999,5,
me2pt5-279,Iono's Bellibolt ex,me2pt5,Ascended Heroes,279,Special Illustration Rare,normal,39.69,46.246787999999995,60.3,0.7669450746268657,-23.305492537313434,-14.053212000000002,2,
sv7-158,Lapras ex,sv7,Stellar Crown,158,Ultra Rare,normal,3.78,4.404456,6.86,0.6420489795918367,-35.79510204081633,-2.4555440000000006,5,
swsh12-211,Lugia VSTAR,swsh12,Silver Tempest,211,Rare Secret,normal,23.54,27.428808,28.33,0.9681894811154254,-3.1810518884574646,-0.9011919999999982,4,
swsh12-198,Regieleki VMAX,swsh12,Silver Tempest,198,Rare Rainbow,normal,9.46,11.022792,6.78,1.6257805309734514,62.57805309734514,4.242792000000001,4,
swsh11-182,Drapion V,swsh11,Lost Origin,182,Rare Ultra,normal,2.19,2.551788,1.68,1.5189214285714288,51.89214285714287,0.8717880000000002,4,
sv3-222,Eiscue ex,sv3,Obsidian Flames,222,Special Illustration Rare,normal,3.99,4.649148,6.5,0.7152535384615385,-28.47464615384615,-1.8508519999999997,5,
sv6-202,Bloodmoon Ursaluna ex,sv6,Twilight Masquerade,202,Ultra Rare,normal,1.83,2.1323160000000003,1.97,1.0823939086294418,8.239390862944184,0.16231600000000035,5,
me2pt5-277,Pikachu ex,me2pt5,Ascended Heroes,277,Special Illustration Rare,normal,312.93,364.626036,334.3,1.0907150344002392,9.071503440023921,30.326035999999988,2,
swsh12-173,Alolan Vulpix V,swsh12,Silver Tempest,173,Rare Ultra,normal,8.12,9.461424,12.1,0.781935867768595,-21.806413223140495,-2.6385760000000005,4,
sv4-219,Garchomp ex,sv4,Paradox Rift,219,Ultra Rare,normal,4.66,5.429832,7.85,0.6916983439490446,-30.830165605095537,-2.4201679999999994,5,
swsh11-180,Aerodactyl V,swsh11,Lost Origin,180,Rare Ultra,normal,174.32,203.117664,211.44,0.9606397275822928,-3.936027241770723,-8.322336000000007,4,
sv3pt5-182,Venusaur ex,sv3pt5,151,182,Ultra Rare,normal,17.79,20.728908,14.29,1.4505883834849547,45.05883834849547,6.438908000000001,5,
swsh12-178,Mawile V,swsh12,Silver Tempest,178,Rare Ultra,normal,2.9,3.37908,2.83,1.1940212014134275,19.40212014134275,0.54908,4,
sv10-211,Dondozo ex,sv10,Destined Rivals,211,Ultra Rare,normal,1.26,1.4681520000000001,1.17,1.2548307692307694,25.483076923076943,0.2981520000000002,5,
swsh12-175,Regieleki V,swsh12,Silver Tempest,175,Rare Ultra,normal,3.27,3.810204,2.62,1.4542763358778625,45.427633587786254,1.190204,4,
sv6-199,Cornerstone Mask Ogerpon ex,sv6,Twilight Masquerade,199,Ultra Rare,normal,3.81,4.439412,3.64,1.2196186813186813,21.961868131868133,0.7994119999999998,5,
swsh7-189,Umbreon V,swsh7,Evolving Skies,189,Rare Ultra,normal,297.75,346.9383,390.86,0.8876280509645398,-11.237194903546023,-43.92169999999999,4,
swsh9-164,Flygon V,swsh9,Brilliant Stars,164,Rare Ultra,normal,2.07,2.4119639999999998,2.12,1.137718867924528,13.771886792452804,0.29196399999999967,4,
swsh12-200,Mawile VSTAR,swsh12,Silver Tempest,200,Rare Rainbow,normal,6.74,7.853448,7.19,1.0922737134909597,9.22737134909597,0.6634479999999998,4,
sv3-216,Revavroom ex,sv3,Obsidian Flames,216,Ultra Rare,normal,0.84,0.978768,0.96,1.01955,1.9549999999999956,0.018768000000000007,5,penny
sv4-227,Toxtricity ex,sv4,Paradox Rift,227,Ultra Rare,normal,2.28,2.656656,3.72,0.7141548387096773,-28.584516129032266,-1.0633440000000003,5,
sv6-195,Luxray ex,sv6,Twilight Masquerade,195,Ultra Rare,normal,2.11,2.4585719999999998,3.34,0.7360994011976048,-26.390059880239527,-0.8814280000000001,5,
sv4-261,Iron Valiant ex,sv4,Paradox Rift,261,Hyper Rare,normal,3.82,4.451064,5.28,0.8430045454545454,-15.699545454545461,-0.8289360000000006,5,
sv8-216,Scovillain ex,sv8,Surging Sparks,216,Ultra Rare,normal,1.15,1.33998,0.87,1.5402068965517242,54.02068965517242,0.46997999999999995,5,penny
sv6-211,Teal Mask Ogerpon ex,sv6,Twilight Masquerade,211,Special Illustration Rare,normal,19.12,22.278624,20.12,1.1072874751491053,10.72874751491053,2.1586239999999997,5,
sv9-188,Iono's Bellibolt ex,sv9,Journey Together,188,Hyper Rare,normal,13.81,16.091412000000002,14.3,1.1252735664335665,12.527356643356647,1.7914120000000011,4,
sv3pt5-201,Alakazam ex,sv3pt5,151,201,Special Illustration Rare,normal,70.46,82.099992,70.94,1.1573159289540458,15.731592895404578,11.159992000000003,5,
sv3-210,Eiscue ex,sv3,Obsidian Flames,210,Ultra Rare,normal,1.43,1.666236,1.76,0.946725,-5.327499999999996,-0.09376399999999996,5,
sv6-201,Blissey ex,sv6,Twilight Masquerade,201,Ultra Rare,normal,2.69,3.134388,4.55,0.6888764835164836,-31.112351648351645,-1.4156119999999999,5,
swsh9-159,Granbull V,swsh9,Brilliant Stars,159,Rare Ultra,normal,1.66,1.934232,1.47,1.315804081632653,31.580408163265304,0.464232,4,
me2pt5-285,Mega Scrafty ex,me2pt5,Ascended Heroes,285,Special Illustration Rare,normal,35.38,41.224776000000006,58.22,0.7080861559601512,-29.191384403984877,-16.995223999999993,2,
sv1-243,Spidops ex,sv1,Scarlet & Violet,243,Special Illustration Rare,normal,7.95,9.26334,9.27,0.9992815533980582,-0.07184466019417579,-0.00666000000000011,5,
sv8-241,Archaludon ex,sv8,Surging Sparks,241,Special Illustration Rare,normal,13.12,15.287424,12.85,1.1896828015564203,18.968280155642027,2.437424,5,
sv6pt5-81,Revavroom ex,sv6pt5,Shrouded Fable,81,Ultra Rare,normal,1.47,1.712844,1.81,0.9463226519337017,-5.367734806629832,-0.09715600000000002,5,
sv3pt5-184,Blastoise ex,sv3pt5,151,184,Ultra Rare,normal,23.47,27.347244,19.32,1.4154888198757765,41.548881987577644,8.027244,5,
me2pt5-286,N's Zoroark ex,me2pt5,Ascended Heroes,286,Special Illustration Rare,normal,122.98,143.296296,149.86,0.9562010943547311,-4.379890564526889,-6.563704000000001,2,
sv1-244,Miraidon ex,sv1,Scarlet & Violet,244,Special Illustration Rare,normal,24.98,29.106696,24.72,1.1774553398058252,17.74553398058252,4.386696000000001,5,
sv3pt5-187,Wigglytuff ex,sv3pt5,151,187,Ultra Rare,normal,12.13,14.133876,8.75,1.6153001142857144,61.53001142857144,5.383876000000001,5,
sv6-210,Sinistcha ex,sv6,Twilight Masquerade,210,Special Illustration Rare,normal,18.47,21.521244,34.45,0.6247095500725689,-37.52904499274311,-12.928756000000003,5,
sv9-175,N's Zoroark ex,sv9,Journey Together,175,Ultra Rare,normal,4.08,4.754016,4.61,1.031239913232104,3.1239913232103955,0.1440159999999997,4,
sv10-230,Ethan's Ho-Oh ex,sv10,Destined Rivals,230,Special Illustration Rare,normal,220.12,256.483824,152.49,1.6819714341924061,68.19714341924062,103.99382400000002,5,
swsh7-204,Leafeon VMAX,swsh7,Evolving Skies,204,Rare Rainbow,normal,26.69,31.099188,43.68,0.7119777472527473,-28.802225274725267,-12.580811999999998,4,
sv4-231,Gholdengo ex,sv4,Paradox Rift,231,Ultra Rare,normal,2.68,3.122736,3.56,0.8771730337078653,-12.282696629213474,-0.4372639999999999,5,
sv4-234,Bombirdier ex,sv4,Paradox Rift,234,Ultra Rare,normal,1.98,2.307096,2.01,1.1478089552238808,14.780895522388082,0.29709600000000025,5,
swsh7-208,Glaceon VMAX,swsh7,Evolving Skies,208,Rare Rainbow,normal,25.32,29.502864000000002,37.16,0.793941442411195,-20.605855758880498,-7.657135999999994,4,
swsh7-191,Dragonite V,swsh7,Evolving Skies,191,Rare Ultra,normal,20.25,23.5953,39.64,0.5952396569122099,-40.476034308779006,-16.0447,4,
sv3pt5-189,Golem ex,sv3pt5,151,189,Ultra Rare,normal,9.69,11.290788,7.27,1.553065749656121,55.30657496561211,4.020788,5,
sv10-209,Ethan's Ho-Oh ex,sv10,Destined Rivals,209,Ultra Rare,normal,5.27,6.140604,5.35,1.1477764485981308,14.777644859813076,0.7906040000000001,5,
sv8-226,Tatsugiri ex,sv8,Surging Sparks,226,Ultra Rare,normal,1.56,1.817712,1.95,0.93216,-6.784000000000001,-0.13228799999999996,5,
me1-155,Mega Venusaur ex,me1,Mega Evolution,155,Ultra Rare,normal,11.74,13.679448,10.98,1.2458513661202186,24.585136612021863,2.6994480000000003,5,
sv8pt5-179,Pikachu ex,sv8pt5,Prismatic Evolutions,179,Hyper Rare,normal,53.37,62.186724,61.27,1.0149620368859147,1.4962036885914687,0.916723999999995,5,
sv3-224,Revavroom ex,sv3,Obsidian Flames,224,Special Illustration Rare,normal,3.83,4.462716,5.81,0.7681094664371774,-23.189053356282262,-1.3472839999999993,5,
sv8-222,Flygon ex,sv8,Surging Sparks,222,Ultra Rare,normal,2.71,3.157692,2.71,1.1652,16.520000000000003,0.447692,5,
sv4pt5-242,Chien-Pao ex,sv4pt5,Paldean Fates,242,Hyper Rare,normal,7.6,8.85552,10.61,0.8346390197926485,-16.536098020735146,-1.7544799999999992,5,
sv4-252,Gholdengo ex,sv4,Paradox Rift,252,Special Illustration Rare,normal,23.48,27.358896,31.59,0.866061918328585,-13.393808167141497,-4.231103999999998,5,
sv8pt5-177,Teal Mask Ogerpon ex,sv8pt5,Prismatic Evolutions,177,Hyper Rare,normal,7.81,9.100211999999999,8.05,1.1304611180124222,13.046111801242223,1.0502119999999984,5,
sv4-232,Altaria ex,sv4,Paradox Rift,232,Ultra Rare,normal,2.88,3.355776,3.49,0.9615404011461318,-3.845959885386818,-0.13422400000000012,5,
swsh7-213,Lycanroc VMAX,swsh7,Evolving Skies,213,Rare Rainbow,normal,8.59,10.009068,9.66,1.0361354037267079,3.613540372670787,0.34906799999999905,4,
swsh7-183,Sylveon V,swsh7,Evolving Skies,183,Rare Ultra,normal,36.78,42.856056,36.66,1.169014075286416,16.9014075286416,6.196056000000006,4,
sv10-206,Yanmega ex,sv10,Destined Rivals,206,Ultra Rare,normal,1.34,1.561368,1.18,1.3231932203389831,32.31932203389831,0.38136800000000015,5,
sv10-217,Team Rocket's Crobat ex,sv10,Destined Rivals,217,Ultra Rare,normal,2.56,2.9829120000000002,2.58,1.1561674418604653,15.616744186046528,0.40291200000000016,5,
sv1-254,Koraidon ex,sv1,Scarlet & Violet,254,Hyper Rare,normal,5.4,6.29208,5.53,1.1378083182640144,13.78083182640144,0.7620800000000001,5,
sv1-230,Great Tusk ex,sv1,Scarlet & Violet,230,Ultra Rare,normal,1.3,1.51476,1.18,1.2836949152542374,28.36949152542374,0.33476000000000017,5,
sv4-253,Altaria ex,sv4,Paradox Rift,253,Special Illustration Rare,normal,60.76,70.797552,54.73,1.2935785126987027,29.357851269870274,16.067552,5,
sv1-246,Great Tusk ex,sv1,Scarlet & Violet,246,Special Illustration Rare,normal,12.17,14.180484,13.71,1.0343168490153172,3.4316849015317175,0.470483999999999,5,
swsh12-174,Omastar V,swsh12,Silver Tempest,174,Rare Ultra,normal,2.82,3.2858639999999997,3.11,1.0565479099678456,5.654790996784564,0.1758639999999998,4,
swsh12-210,Serperior VSTAR,swsh12,Silver Tempest,210,Rare Secret,normal,5.67,6.606684,6.45,1.0242920930232557,2.4292093023255745,0.15668399999999938,4,
sv4-226,Hoopa ex,sv4,Paradox Rift,226,Ultra Rare,normal,2.44,2.843088,4.56,0.6234842105263158,-37.65157894736843,-1.7169119999999998,5,
sv3pt5-190,Kangaskhan ex,sv3pt5,151,190,Ultra Rare,normal,8.39,9.776028,5.79,1.6884331606217617,68.84331606217617,3.986028,5,
swsh11-176,Rotom V,swsh11,Lost Origin,176,Rare Ultra,normal,2.05,2.38866,2.57,0.9294396887159533,-7.056031128404672,-0.18134000000000006,4,
swsh10-173,Hisuian Decidueye V,swsh10,Astral Radiance,173,Rare Ultra,normal,2.12,2.470224,1.98,1.2475878787878787,24.75878787878787,0.490224,4,
sv10-214,Regirock ex,sv10,Destined Rivals,214,Ultra Rare,normal,1.23,1.433196,1.27,1.1285007874015747,12.850078740157468,0.1631959999999999,5,
sv9-185,N's Zoroark ex,sv9,Journey Together,185,Special Illustration Rare,normal,47.06,54.834312000000004,47.47,1.1551361280808934,15.513612808089338,7.364312000000005,4,
me1-188,Mega Lucario ex,me1,Mega Evolution,188,Mega Hyper Rare,normal,229.13,266.982276,265.1,1.0071002489626555,0.7100248962655487,1.8822759999999903,5,
sv3pt5-183,Charizard ex,sv3pt5,151,183,Ultra Rare,normal,40.06,46.677912000000006,41.0,1.1384856585365855,13.848565853658545,5.677912000000006,5,
sv8pt5-180,Terapagos ex,sv8pt5,Prismatic Evolutions,180,Hyper Rare,normal,9.37,10.917924,10.21,1.0693363369245836,6.933633692458363,0.7079239999999984,5,
swsh11-173,Delphox V,swsh11,Lost Origin,173,Rare Ultra,normal,2.64,3.076128,4.02,0.7652059701492538,-23.479402985074614,-0.9438719999999994,4,
me2pt5-278,Mega Eelektross ex,me2pt5,Ascended Heroes,278,Special Illustration Rare,normal,25.33,29.514515999999997,40.46,0.7294739495798318,-27.05260504201682,-10.945484000000004,2,
swsh7-190,Garbodor V,swsh7,Evolving Skies,190,Rare Ultra,normal,3.38,3.938376,4.9,0.8037502040816326,-19.624979591836745,-0.9616240000000005,4,
sv8-237,Milotic ex,sv8,Surging Sparks,237,Special Illustration Rare,normal,146.04,170.165808,124.66,1.3650393710893631,36.50393710893631,45.505808,5,
swsh12-202,Lugia VSTAR,swsh12,Silver Tempest,202,Rare Rainbow,normal,33.1,38.56812,42.18,0.9143698435277383,-8.56301564722617,-3.6118799999999993,4,
sv9-173,Lillie's Clefairy ex,sv9,Journey Together,173,Ultra Rare,normal,5.02,5.849303999999999,7.51,0.7788687083888148,-22.113129161118515,-1.6606960000000006,4,
me2pt5-275,Mega Froslass ex,me2pt5,Ascended Heroes,275,Special Illustration Rare,normal,53.83,62.722716,77.58,0.8084907965970611,-19.150920340293887,-14.857284,2,
swsh7-167,Leafeon V,swsh7,Evolving Skies,167,Rare Ultra,normal,128.11,149.273772,152.92,0.9761559769814283,-2.384402301857169,-3.6462279999999794,4,
me1-182,Mega Kangaskhan ex,me1,Mega Evolution,182,Special Illustration Rare,normal,56.54,65.880408,60.34,1.0918198210142525,9.181982101425245,5.540407999999999,5,
swsh7-210,Dracozolt VMAX,swsh7,Evolving Skies,210,Rare Rainbow,normal,6.54,7.620408,8.44,0.9028919431279622,-9.710805687203782,-0.8195919999999992,4,
swsh10-163,Hisuian Lilligant V,swsh10,Astral Radiance,163,Rare Ultra,normal,19.98,23.280696000000002,28.01,0.8311565869332381,-16.884341306676188,-4.729303999999999,4,
sv6-190,Teal Mask Ogerpon ex,sv6,Twilight Masquerade,190,Ultra Rare,normal,3.9,4.54428,5.26,0.8639315589353612,-13.606844106463878,-0.7157200000000001,5,
swsh12pt5-160,Pikachu,swsh12pt5,Crown Zenith,160,Rare Secret,normal,59.02,68.770104,50.66,1.357483300434268,35.74833004342679,18.110104000000007,4,
swsh11-185,Giratina V,swsh11,Lost Origin,185,Rare Ultra,normal,12.81,14.926212000000001,17.22,0.8667951219512197,-13.320487804878034,-2.2937879999999975,4,
swsh10-169,Hisuian Typhlosion V,swsh10,Astral Radiance,169,Rare Ultra,normal,4.14,4.8239279999999995,6.3,0.7657028571428571,-23.429714285714287,-1.4760720000000003,4,
me2pt5-252,Stunfisk ex,me2pt5,Ascended Heroes,252,Ultra Rare,normal,0.74,0.862248,0.7,1.2317828571428573,23.178285714285728,0.16224800000000006,2,penny
sv3pt5-199,Charizard ex,sv3pt5,151,199,Special Illustration Rare,normal,334.48,389.73609600000003,368.57,1.0574276148357165,5.742761483571646,21.16609600000004,5,
swsh10-193,Hisuian Typhlosion VSTAR,swsh10,Astral Radiance,193,Rare Rainbow,normal,10.82,12.607464,14.98,0.8416197596795728,-15.83802403204272,-2.372536,4,
sv8-223,Hydreigon ex,sv8,Surging Sparks,223,Ultra Rare,normal,3.33,3.880116,4.82,0.8050033195020747,-19.49966804979253,-0.9398840000000002,5,
swsh7-168,Trevenant V,swsh7,Evolving Skies,168,Rare Ultra,normal,3.85,4.48602,3.92,1.1443928571428572,14.43928571428572,0.56602,4,
swsh12-186,Lugia V,swsh12,Silver Tempest,186,Rare Ultra,normal,600.35,699.52782,524.94,1.3325862384272487,33.258623842724866,174.58781999999997,4,
sv4pt5-240,Wo-Chien ex,sv4pt5,Paldean Fates,240,Hyper Rare,normal,6.12,7.131024,6.54,1.0903706422018349,9.037064220183488,0.591024,5,
sv3pt5-191,Jynx ex,sv3pt5,151,191,Ultra Rare,normal,8.95,10.42854,6.34,1.6448801261829653,64.48801261829654,4.08854,5,
sv6-216,Bloodmoon Ursaluna ex,sv6,Twilight Masquerade,216,Special Illustration Rare,normal,37.94,44.207688,48.32,0.9148942052980132,-8.510579470198676,-4.112312000000003,5,
sv1-253,Miraidon ex,sv1,Scarlet & Violet,253,Hyper Rare,normal,5.84,6.804768,8.06,0.8442640198511165,-15.573598014888345,-1.2552320000000003,5,
sv7-156,Hydrapple ex,sv7,Stellar Crown,156,Ultra Rare,normal,1.74,2.027448,3.51,0.5776205128205129,-42.23794871794871,-1.4825519999999996,5,
swsh11-174,Kyurem V,swsh11,Lost Origin,174,Rare Ultra,normal,2.81,3.274212,3.28,0.9982353658536586,-0.1764634146341426,-0.005787999999999904,4,
swsh9-173,Shaymin VSTAR,swsh9,Brilliant Stars,173,Rare Rainbow,normal,5.43,6.327036,6.07,1.0423453047775946,4.234530477759457,0.2570359999999994,4,
sv7-160,Dachsbun ex,sv7,Stellar Crown,160,Ultra Rare,normal,1.64,1.910928,4.4,0.4343018181818181,-56.569818181818185,-2.489072,5,
sv8pt5-151,Palafin ex,sv8pt5,Prismatic Evolutions,151,Special Illustration Rare,normal,58.62,68.304024,42.64,1.6018767354596621,60.18767354596621,25.664023999999998,5,
sv4-221,Golisopod ex,sv4,Paradox Rift,221,Ultra Rare,normal,1.95,2.27214,2.31,0.9836103896103895,-1.638961038961051,-0.03786000000000023,5,
sv7-161,Medicham ex,sv7,Stellar Crown,161,Ultra Rare,normal,1.16,1.351632,1.16,1.1652,16.520000000000003,0.19163200000000002,5,
sv6-189,Sinistcha ex,sv6,Twilight Masquerade,189,Ultra Rare,normal,1.21,1.409892,1.83,0.7704327868852459,-22.956721311475413,-0.42010800000000015,5,
sv3pt5-193,Mew ex,sv3pt5,151,193,Ultra Rare,normal,29.92,34.862784000000005,32.79,1.0632139066788657,6.321390667886573,2.0727840000000057,5,
swsh12-180,Skuntank V,swsh12,Silver Tempest,180,Rare Ultra,normal,1.92,2.237184,1.68,1.3316571428571429,33.16571428571429,0.5571840000000001,4,
me2-125,Mega Charizard X ex,me2,Phantasmal Flames,125,Special Illustration Rare,normal,822.43,958.295436,698.73,1.3714817397277919,37.14817397277918,259.565436,5,
sv5-218,Raging Bolt ex,sv5,Temporal Forces,218,Hyper Rare,normal,13.05,15.205860000000001,12.63,1.2039477434679335,20.394774346793355,2.5758600000000005,5,
me1-158,Mega Manectric ex,me1,Mega Evolution,158,Ultra Rare,normal,2.84,3.3091679999999997,2.68,1.2347641791044774,23.476417910447744,0.6291679999999995,5,
swsh7-179,Espeon V,swsh7,Evolving Skies,179,Rare Ultra,normal,21.33,24.853716,27.32,0.9097260614934114,-9.02739385065886,-2.4662840000000017,4,
me1-157,Mega Abomasnow ex,me1,Mega Evolution,157,Ultra Rare,normal,2.34,2.726568,1.97,1.3840446700507614,38.404467005076135,0.7565679999999999,5,
swsh12-170,Serperior V,swsh12,Silver Tempest,170,Rare Ultra,normal,2.76,3.2159519999999997,2.17,1.482005529953917,48.200552995391696,1.0459519999999998,4,
swsh9-157,Pikachu V,swsh9,Brilliant Stars,157,Rare Ultra,normal,18.39,21.428028,25.24,0.8489709984152141,-15.102900158478594,-3.8119719999999973,4,
sv4-233,Maushold ex,sv4,Paradox Rift,233,Ultra Rare,normal,5.01,5.837651999999999,16.31,0.3579185775597793,-64.20814224402207,-10.472348,5,
swsh7-205,Leafeon VMAX,swsh7,Evolving Skies,205,Rare Rainbow,normal,258.99,301.775148,412.32,0.7318954889406286,-26.81045110593714,-110.54485199999999,4,
sv6-197,Scream Tail ex,sv6,Twilight Masquerade,197,Ultra Rare,normal,1.82,2.120664,2.9,0.7312634482758621,-26.87365517241379,-0.7793359999999998,5,
swsh7-171,Gyarados V,swsh7,Evolving Skies,171,Rare Ultra,normal,13.74,16.009848,17.88,0.8954053691275169,-10.459463087248311,-1.8701519999999974,4,
swsh10-179,Oranguru V,swsh10,Astral Radiance,179,Rare Ultra,normal,2.59,3.017868,1.95,1.5476246153846154,54.76246153846154,1.067868,4,
sv4-222,Tapu Koko ex,sv4,Paradox Rift,222,Ultra Rare,normal,2.16,2.5168320000000004,2.23,1.128624215246637,12.862421524663702,0.2868320000000004,5,
sv4-245,Garchomp ex,sv4,Paradox Rift,245,Special Illustration Rare,normal,30.39,35.410428,36.37,0.973616387132252,-2.638361286774804,-0.9595719999999943,5,
sv8-238,Pikachu ex,sv8,Surging Sparks,238,Special Illustration Rare,normal,218.38,254.456376,288.79,0.8811121437722912,-11.88878562277088,-34.333624000000015,5,
swsh9-174,Charizard VSTAR,swsh9,Brilliant Stars,174,Rare Rainbow,normal,54.53,63.538356,76.39,0.8317627438146354,-16.823725618536457,-12.851644,4,
swsh7-178,Dracozolt V,swsh7,Evolving Skies,178,Rare Ultra,normal,3.66,4.264632000000001,4.42,0.9648488687782807,-3.515113122171931,-0.15536799999999928,4,
sv5-215,Walking Wake ex,sv5,Temporal Forces,215,Hyper Rare,normal,11.11,12.945371999999999,12.26,1.0559030995106036,5.590309951060357,0.6853719999999992,5,
sv5-203,Iron Leaves ex,sv5,Temporal Forces,203,Special Illustration Rare,normal,26.64,31.040928,31.33,0.9907733163102459,-0.92266836897541,-0.28907199999999733,5,
sv8pt5-156,Sylveon ex,sv8pt5,Prismatic Evolutions,156,Special Illustration Rare,normal,328.7,383.00124,541.74,0.7069834976187839,-29.301650238121614,-158.73876,5,
sv8-219,Pikachu ex,sv8,Surging Sparks,219,Ultra Rare,normal,32.16,37.472832,29.91,1.2528529588766297,25.285295887662972,7.562831999999997,5,
sv9-182,Volcanion ex,sv9,Journey Together,182,Special Illustration Rare,normal,24.02,27.988104,20.34,1.3760129793510325,37.60129793510325,7.648104,4,
sv10-229,Team Rocket's Moltres ex,sv10,Destined Rivals,229,Special Illustration Rare,normal,141.35,164.70102,93.26,1.7660413896633067,76.60413896633067,71.44102,5,
swsh7-192,Dragonite V,swsh7,Evolving Skies,192,Rare Ultra,normal,415.79,484.47850800000003,533.69,0.907790117858682,-9.220988214131797,-49.21149200000002,4,
sv1-226,Magnezone ex,sv1,Scarlet & Violet,226,Ultra Rare,normal,1.52,1.771104,1.47,1.2048326530612246,20.483265306122455,0.30110400000000004,5,
me1-187,Mega Gardevoir ex,me1,Mega Evolution,187,Mega Hyper Rare,normal,201.98,235.347096,200.17,1.1757361043113355,17.573610431133545,35.177096000000006,5,
swsh7-206,Trevenant VMAX,swsh7,Evolving Skies,206,Rare Rainbow,normal,6.44,7.503888000000001,7.03,1.067409388335704,6.740938833570409,0.47388800000000053,4,
me2pt5-287,Marnie's Grimmsnarl ex,me2pt5,Ascended Heroes,287,Special Illustration Rare,normal,44.68,52.061136,65.35,0.7966508951798011,-20.334910482019886,-13.288863999999997,2,
sv10-207,Arboliva ex,sv10,Destined Rivals,207,Ultra Rare,normal,1.81,2.109012,2.11,0.9995317535545024,-0.046824644549758876,-0.0009879999999999889,5,
me2-112,Mismagius ex,me2,Phantasmal Flames,112,Ultra Rare,normal,1.8,2.09736,1.78,1.1782921348314608,17.829213483146077,0.3173600000000001,5,
sv5-214,Gouging Fire ex,sv5,Temporal Forces,214,Hyper Rare,normal,15.07,17.559564,15.74,1.1156012706480305,11.56012706480305,1.8195640000000015,5,
swsh9-162,Honchkrow V,swsh9,Brilliant Stars,162,Rare Ultra,normal,14.66,17.081832000000002,12.22,1.3978585924713585,39.785859247135846,4.8618320000000015,4,
sv6-213,Wellspring Mask Ogerpon ex,sv6,Twilight Masquerade,213,Special Illustration Rare,normal,14.97,17.443044,14.53,1.2004847900894702,20.04847900894702,2.913044000000001,5,
sv8-247,Pikachu ex,sv8,Surging Sparks,247,Hyper Rare,normal,97.15,113.19918000000001,90.16,1.2555366015971607,25.553660159716074,23.039180000000016,5,
sv7-173,Terapagos ex,sv7,Stellar Crown,173,Hyper Rare,normal,14.48,16.872096,12.02,1.4036685524126455,40.36685524126455,4.8520959999999995,5,
sv10-208,Team Rocket's Moltres ex,sv10,Destined Rivals,208,Ultra Rare,normal,5.17,6.024084,5.17,1.1652,16.520000000000003,0.8540840000000003,5,
sv6-196,Iron Thorns ex,sv6,Twilight Masquerade,196,Ultra Rare,normal,2.48,2.889696,2.5,1.1558784,15.587839999999996,0.3896959999999998,5,
me2-130,Mega Charizard X ex,me2,Phantasmal Flames,130,Mega Hyper Rare,normal,259.76,302.672352,269.17,1.124465401047665,12.446540104766491,33.50235199999997,5,
swsh11-213,Hisuian Zoroark VSTAR,swsh11,Lost Origin,213,Rare Secret,normal,6.37,7.422324000000001,5.98,1.2411913043478262,24.11913043478262,1.4423240000000002,4,
swsh10-172,Machamp V,swsh10,Astral Radiance,172,Rare Ultra,normal,147.76,172.169952,199.29,0.86391666415776,-13.608333584223997,-27.120047999999997,4,
me2pt5-253,Mega Audino ex,me2pt5,Ascended Heroes,253,Ultra Rare,normal,1.44,1.677888,1.74,0.9643034482758621,-3.569655172413788,-0.062111999999999945,2,
me2-114,Empoleon ex,me2,Phantasmal Flames,114,Ultra Rare,normal,1.89,2.202228,1.38,1.5958173913043479,59.581739130434784,0.822228,5,
me2-126,Rotom ex,me2,Phantasmal Flames,126,Special Illustration Rare,normal,14.71,17.140092000000003,18.32,0.9355945414847163,-6.440545851528368,-1.1799079999999975,5,
sv6-222,Bloodmoon Ursaluna ex,sv6,Twilight Masquerade,222,Hyper Rare,normal,8.01,9.333252,8.16,1.1437808823529412,14.378088235294118,1.1732519999999997,5,
swsh7-196,Noivern V,swsh7,Evolving Skies,196,Rare Ultra,normal,61.15,71.25198,74.37,0.9580742234772085,-4.19257765227915,-3.1180200000000013,4,
sv4-217,Froslass ex,sv4,Paradox Rift,217,Ultra Rare,normal,2.12,2.470224,2.48,0.996058064516129,-0.39419354838710063,-0.009776000000000007,5,
sv9-189,N's Zoroark ex,sv9,Journey Together,189,Hyper Rare,normal,18.35,21.381420000000002,13.73,1.5572774945375092,55.72774945375092,7.651420000000002,4,
swsh12-197,Alolan Vulpix VSTAR,swsh12,Silver Tempest,197,Rare Rainbow,normal,15.22,17.734344,25.42,0.6976531864673485,-30.234681353265145,-7.685656000000002,4,
sv8-227,Slaking ex,sv8,Surging Sparks,227,Ultra Rare,normal,1.07,1.246764,1.11,1.1232108108108108,12.321081081081076,0.13676399999999989,5,
swsh9-155,Lumineon V,swsh9,Brilliant Stars,155,Rare Ultra,normal,3.69,4.299588,2.44,1.7621262295081968,76.21262295081968,1.859588,4,
swsh7-207,Gyarados VMAX,swsh7,Evolving Skies,207,Rare Rainbow,normal,26.35,30.703020000000002,49.13,0.6249342560553633,-37.50657439446366,-18.42698,4,
swsh11-181,Gallade V,swsh11,Lost Origin,181,Rare Ultra,normal,2.15,2.5051799999999997,2.91,0.8608865979381441,-13.911340206185585,-0.4048200000000004,4,
sv10-241,Cynthia's Garchomp ex,sv10,Destined Rivals,241,Hyper Rare,normal,24.77,28.862004,31.97,0.9027839849859243,-9.721601501407573,-3.107996,5,
sv4-248,Iron Hands ex,sv4,Paradox Rift,248,Special Illustration Rare,normal,10.63,12.386076000000001,12.97,0.9549788743253662,-4.502112567463379,-0.5839239999999997,5,
swsh11-178,Enamorus V,swsh11,Lost Origin,178,Rare Ultra,normal,2.26,2.633352,2.71,0.9717166051660516,-2.828339483394837,-0.07664800000000005,4,
sv8pt5-152,Wellspring Mask Ogerpon ex,sv8pt5,Prismatic Evolutions,152,Special Illustration Rare,normal,14.83,17.279916,17.41,0.9925282021826537,-0.7471797817346304,-0.1300840000000001,5,
swsh11-203,Hisuian Zoroark VSTAR,swsh11,Lost Origin,203,Rare Rainbow,normal,6.21,7.235892,8.35,0.8665738922155689,-13.34261077844311,-1.1141079999999999,4,
swsh9-183,Galarian Moltres V,swsh9,Brilliant Stars,183,Rare Secret,normal,15.73,18.328596,21.62,0.8477611470860315,-15.223885291396854,-3.291404,4,
swsh7-216,Garbodor VMAX,swsh7,Evolving Skies,216,Rare Rainbow,normal,6.55,7.63206,9.04,0.8442544247787611,-15.57455752212389,-1.407939999999999,4,
sv3-217,Pidgeot ex,sv3,Obsidian Flames,217,Ultra Rare,normal,2.19,2.551788,2.03,1.2570384236453205,25.703842364532047,0.5217880000000004,5,
sv4-218,Armarouge ex,sv4,Paradox Rift,218,Ultra Rare,normal,2.27,2.645004,2.59,1.0212370656370657,2.1237065637065733,0.055004000000000275,5,
me2pt5-281,Team Rocket's Mewtwo ex,me2pt5,Ascended Heroes,281,Special Illustration Rare,normal,251.58,293.14101600000004,304.74,0.9619380980507974,-3.806190194920256,-11.598983999999973,2,
sv6-212,Hearthflame Mask Ogerpon ex,sv6,Twilight Masquerade,212,Special Illustration Rare,normal,10.77,12.549204,12.26,1.023589233278956,2.358923327895601,0.2892039999999998,5,
swsh12-182,Magearna V,swsh12,Silver Tempest,182,Rare Ultra,normal,2.0,2.3304,1.93,1.207461139896373,20.746113989637305,0.4004000000000001,4,
sv5-194,Farigiraf ex,sv5,Temporal Forces,194,Ultra Rare,normal,1.78,2.074056,2.3,0.9017634782608697,-9.823652173913032,-0.2259439999999997,5,
swsh12-176,Unown V,swsh12,Silver Tempest,176,Rare Ultra,normal,3.52,4.101504,3.5,1.1718582857142859,17.185828571428587,0.6015040000000003,4,
swsh10-174,Hisuian Sneasler V,swsh10,Astral Radiance,174,Rare Ultra,normal,5.06,5.895912,5.08,1.160612598425197,16.061259842519693,0.815912,4,
sv6-194,Wellspring Mask Ogerpon ex,sv6,Twilight Masquerade,194,Ultra Rare,normal,3.28,3.821856,3.22,1.186911801242236,18.691180124223592,0.6018559999999997,5,
swsh7-186,Medicham V,swsh7,Evolving Skies,186,Rare Ultra,normal,19.23,22.406796,21.36,1.0490073033707865,4.9007303370786515,1.0467960000000005,4,
swsh7-194,Rayquaza V,swsh7,Evolving Skies,194,Rare Ultra,normal,368.99,429.947148,488.1,0.8808587338660111,-11.91412661339889,-58.152851999999996,4,
swsh7-215,Umbreon VMAX,swsh7,Evolving Skies,215,Rare Rainbow,normal,1242.78,1448.087256,2235.94,0.6476413749921733,-35.235862500782666,-787.852744,4,
me1-181,Mega Latias ex,me1,Mega Evolution,181,Special Illustration Rare,normal,75.39,87.84442800000001,84.72,1.0368794617563741,3.6879461756374132,3.124428000000009,5,
swsh7-226,Froslass,swsh7,Evolving Skies,226,Rare Secret,normal,8.12,9.461424,9.75,0.9704024615384614,-2.9597538461538564,-0.28857600000000083,4,
sv3-223,Charizard ex,sv3,Obsidian Flames,223,Special Illustration Rare,normal,84.23,98.144796,108.5,0.904560331797235,-9.543966820276495,-10.355204,5,
sv8-239,Latias ex,sv8,Surging Sparks,239,Special Illustration Rare,normal,142.84,166.437168,184.79,0.9006827642188431,-9.931723578115692,-18.352831999999978,5,
sv4-228,Sandy Shocks ex,sv4,Paradox Rift,228,Ultra Rare,normal,1.84,2.143968,2.18,0.9834715596330275,-1.652844036697254,-0.036032000000000064,5,
swsh11-212,Giratina VSTAR,swsh11,Lost Origin,212,Rare Secret,normal,15.13,17.629476,18.2,0.9686525274725275,-3.1347472527472497,-0.5705239999999989,4,
me2pt5-282,Mega Diancie ex,me2pt5,Ascended Heroes,282,Special Illustration Rare,normal,39.17,45.640884,59.94,0.7614428428428429,-23.855715715715707,-14.299115999999998,2,
swsh10-162,Hisuian Lilligant V,swsh10,Astral Radiance,162,Rare Ultra,normal,1.88,2.190576,3.81,0.5749543307086614,-42.50456692913386,-1.619424,4,
swsh11-199,Aerodactyl VSTAR,swsh11,Lost Origin,199,Rare Rainbow,normal,12.82,14.937864000000001,15.4,0.9699911688311689,-3.000883116883113,-0.4621359999999992,4,
me2pt5-294,Mega Charizard Y ex,me2pt5,Ascended Heroes,294,Mega Hyper Rare,normal,292.76,341.123952,390.28,0.8740492774418366,-12.595072255816342,-49.156048,2,
sv6pt5-84,Fezandipiti ex,sv6pt5,Shrouded Fable,84,Ultra Rare,normal,5.95,6.93294,11.96,0.5796772575250836,-42.03227424749164,-5.0270600000000005,5,
swsh11-200,Drapion VSTAR,swsh11,Lost Origin,200,Rare Rainbow,normal,5.29,6.163908,5.9,1.0447301694915254,4.473016949152542,0.2639079999999998,4,
swsh9-166,Arceus V,swsh9,Brilliant Stars,166,Rare Ultra,normal,48.86,56.931672,59.82,0.9517163490471414,-4.828365095285858,-2.8883280000000013,4,
swsh7-185,Medicham V,swsh7,Evolving Skies,185,Rare Ultra,normal,3.68,4.287936,2.22,1.9315027027027025,93.15027027027025,2.067936,4,
sv4-251,Roaring Moon ex,sv4,Paradox Rift,251,Special Illustration Rare,normal,49.51,57.689052,39.31,1.467541388959552,46.75413889595521,18.379051999999994,5,
sv8pt5-163,Pecharunt ex,sv8pt5,Prismatic Evolutions,163,Special Illustration Rare,normal,24.37,28.395924,29.46,0.9638806517311609,-3.6119348268839113,-1.064076,5,
me2-115,Mega Lopunny ex,me2,Phantasmal Flames,115,Ultra Rare,normal,2.04,2.377008,1.76,1.3505727272727273,35.057272727272725,0.617008,5,
swsh11-201,Giratina VSTAR,swsh11,Lost Origin,201,Rare Rainbow,normal,1.44,1.677888,28.57,0.05872901645082254,-94.12709835491775,-26.892112,4,
swsh10-161,Beedrill V,swsh10,Astral Radiance,161,Rare Ultra,normal,73.37,85.490724,77.83,1.0984289348580238,9.842893485802385,7.660724000000002,4,
sv3-228,Charizard ex,sv3,Obsidian Flames,228,Hyper Rare,normal,32.6,37.98552,35.04,1.0840616438356165,8.406164383561654,2.945520000000002,5,
me1-163,Mega Latias ex,me1,Mega Evolution,163,Ultra Rare,normal,4.37,5.091924000000001,4.92,1.0349439024390246,3.4943902439024566,0.17192400000000063,5,
me2pt5-295,Mega Dragonite ex,me2pt5,Ascended Heroes,295,Mega Hyper Rare,normal,161.0,187.59720000000002,232.73,0.8060722725905557,-19.39277274094443,-45.132799999999975,2,
me1-162,Mega Mawile ex,me1,Mega Evolution,162,Ultra Rare,normal,2.51,2.9246519999999996,2.26,1.2940938053097344,29.40938053097344,0.6646519999999998,5,
swsh10-160,Beedrill V,swsh10,Astral Radiance,160,Rare Ultra,normal,4.03,4.695756,4.23,1.1101078014184396,11.010780141843956,0.46575599999999984,4,
me2pt5-251,Sprigatito ex,me2pt5,Ascended Heroes,251,Ultra Rare,normal,1.89,2.202228,2.13,1.0339098591549296,3.390985915492961,0.07222799999999996,2,
swsh7-175,Glaceon V,swsh7,Evolving Skies,175,Rare Ultra,normal,162.62,189.484824,160.56,1.1801496263079223,18.01496263079223,28.924824,4,
swsh10-195,Hisuian Decidueye VSTAR,swsh10,Astral Radiance,195,Rare Rainbow,normal,7.16,8.342832,7.73,1.0792796895213452,7.927968952134523,0.6128319999999992,4,
me2pt5-290,Mega Dragonite ex,me2pt5,Ascended Heroes,290,Special Illustration Rare,normal,348.4,405.95568,634.2,0.6401067171239356,-35.98932828760644,-228.24432000000007,2,
swsh7-187,Lycanroc V,swsh7,Evolving Skies,187,Rare Ultra,normal,6.17,7.189284,4.09,1.7577711491442543,75.77711491442543,3.099284,4,
swsh10-196,Kleavor VSTAR,swsh10,Astral Radiance,196,Rare Rainbow,normal,10.37,12.083124,8.29,1.457554161640531,45.755416164053095,3.7931240000000006,4,
swsh10-180,Wyrdeer V,swsh10,Astral Radiance,180,Rare Ultra,normal,1.91,2.225532,2.21,1.0070280542986425,0.7028054298642505,0.01553199999999988,4,
me2pt5-289,Steven's Metagross ex,me2pt5,Ascended Heroes,289,Special Illustration Rare,normal,59.68,69.539136,86.24,0.8063443413729129,-19.36556586270871,-16.700863999999996,2,
